"","Filename","Date","Selection","RMS","PeakFreq","PeakLev","verified","used","ins_sm","out_sm","ins_med","out_med","ins_lg","out_lg","pins_sm","pins_med","pins_lg","pins_ovrll"
"1","805830683.22105023100_sel01_S1.wav",22105023100,"S1",24.38618998,342,12.20709222,1,1,0,0,0,0,0,0,NA,NA,NA,NA
"2","805830683.22105023100_sel04_S4.wav",22105023100,"S4",21.78990336,68,12.88383704,1,1,0,0,0,0,0,0,NA,NA,NA,NA
"3","805830683.220106022320_sel02_S2.wav",220106000000,"S2",14.51397978,1068,-9.017744661,1,1,0,0,0,0,0,0,NA,NA,NA,NA
"4","805830683.220107022302_sel01_S1.wav",220107000000,"S1",21.53607169,263,12.26718755,1,1,0,0,0,0,0,0,NA,NA,NA,NA
"5","805830683.220107022302_sel02_S2.wav",220107000000,"S2",52.8709135,51,42.2635714,1,1,0,232,0,0,0,0,0,NA,NA,0
"6","805830683.220107022302_sel03_S3.wav",220107000000,"S3",30.8157163,247,12.59042289,1,1,0,0,0,0,0,0,NA,NA,NA,NA
"7","805830683.220107022302_sel05_S5.wav",220107000000,"S5",13.34026468,61,-0.402468967,1,1,0,0,0,0,0,0,NA,NA,NA,NA
"8","805830683.220107022302_sel06_S6.wav",220107000000,"S6",14.50693919,109,7.54946197,1,1,0,0,0,0,0,0,NA,NA,NA,NA
"9","805830683.220107022302_sel11_S10.wav",220107000000,"S10",22.88319524,129,5.379730687,1,1,0,0,0,0,0,0,NA,NA,NA,NA
"10","805830683.220108022252_sel01_S1.wav",220108000000,"S1",21.10004464,124,0.210884305,1,1,0,0,0,0,0,0,NA,NA,NA,NA
"11","805830683.220109022241_sel01_S1.wav",220109000000,"S1",24.33127398,79,12.60990343,1,1,0,0,0,0,0,0,NA,NA,NA,NA
"12","805830683.220109022241_sel02_S2.wav",220109000000,"S2",32.25580556,105,21.54599139,1,1,0,0,0,0,0,0,NA,NA,NA,NA
"13","805830683.220109022241_sel04_S3.wav",220109000000,"S3",54.89524985,79,42.89220446,1,1,0,278,0,0,0,0,0,NA,NA,0
"14","805830683.220109022241_sel05_S4.wav",220109000000,"S4",17.39555236,87,-2.418754959,1,1,0,0,0,0,0,0,NA,NA,NA,NA
"15","805830683.220110022229_sel01_S1.wav",220110000000,"S1",22.32229395,63,16.30867752,1,1,0,0,0,0,0,0,NA,NA,NA,NA
"16","805830683.220110022229_sel02_S2.wav",220110000000,"S2",21.58060505,58,12.01962258,1,1,0,0,0,0,0,0,NA,NA,NA,NA
"17","805830683.220110022229_sel03_S3.wav",220110000000,"S3",26.69972088,100,11.35112687,1,1,0,0,0,0,0,0,NA,NA,NA,NA
"18","805830683.220110022229_sel04_S4.wav",220110000000,"S4",20.55659877,264,3.192486416,1,1,0,0,0,0,0,0,NA,NA,NA,NA
"19","805830683.220110022229_sel05_S5.wav",220110000000,"S5",15.89350372,135,-0.867108245,1,1,0,0,0,0,0,0,NA,NA,NA,NA
"20","805830683.220110022229_sel06_S6.wav",220110000000,"S6",19.64248186,131,3.434422997,1,1,0,0,0,0,0,0,NA,NA,NA,NA
"21","805830683.220110022229_sel07_S7.wav",220110000000,"S7",18.12805937,111,7.208551567,1,1,0,0,0,0,0,0,NA,NA,NA,NA
"22","805830683.220110022229_sel08_S8.wav",220110000000,"S8",15.52933613,115,-0.139748944,1,1,0,0,0,0,0,0,NA,NA,NA,NA
"23","805830683.220110022229_sel11_S10.wav",220110000000,"S10",12.53818499,144,-9.767410031,1,1,0,0,0,0,0,0,NA,NA,NA,NA
"24","805830683.220110022229_sel12_S11.wav",220110000000,"S11",22.16529288,70,9.813734632,1,1,0,0,0,0,0,0,NA,NA,NA,NA
"25","805830683.220112022209_sel01_S1.wav",220112000000,"S1",15.03379345,58,3.739496883,1,1,0,0,0,0,0,0,NA,NA,NA,NA
"26","805830683.220112022209_sel02_S2.wav",220112000000,"S2",13.20507529,102,-5.209101108,1,1,0,0,0,0,0,0,NA,NA,NA,NA
"27","805830683.220112022209_sel03_S3.wav",220112000000,"S3",14.61449756,212,-2.012665931,1,1,0,0,0,0,0,0,NA,NA,NA,NA
"28","805830683.220112022209_sel04_S4.wav",220112000000,"S4",17.95414931,54,5.466841062,1,1,0,0,0,0,0,0,NA,NA,NA,NA
"29","805830683.220112022209_sel05_S5.wav",220112000000,"S5",14.02664998,716,-3.590971935,1,1,0,0,0,0,0,0,NA,NA,NA,NA
"30","805830683.220112022209_sel06_S6.wav",220112000000,"S6",26.80369176,92,12.16820726,1,1,0,0,0,0,0,0,NA,NA,NA,NA
"31","805830683.220113022201_sel01_S1.wav",220113000000,"S1",14.89208742,123,-4.004380987,1,1,0,0,0,0,0,0,NA,NA,NA,NA
"32","805830683.220113022201_sel06_S3.wav",220113000000,"S3",15.070675,796,-10.81664756,1,1,0,0,0,0,0,0,NA,NA,NA,NA
"33","805830683.220114022151_sel02_S1.wav",220114000000,"S1",14.80052397,125,-0.670970918,1,1,0,0,0,0,0,0,NA,NA,NA,NA
"34","805830683.220114022151_sel03_S2.wav",220114000000,"S2",15.06576748,74,-5.480050772,1,1,0,0,0,0,0,0,NA,NA,NA,NA
"35","805830683.220114022151_sel04_S3.wav",220114000000,"S3",17.15742121,1054,-7.640415873,1,1,0,0,0,0,0,0,NA,NA,NA,NA
"36","805830683.220114022151_sel05_S4.wav",220114000000,"S4",20.80565687,123,4.853248798,1,1,0,0,0,0,0,0,NA,NA,NA,NA
"37","805830683.220114022151_sel06_S5.wav",220114000000,"S5",15.84654143,109,5.302943656,1,1,0,0,0,0,0,0,NA,NA,NA,NA
"38","805830683.220114022151_sel07_S6.wav",220114000000,"S6",14.85998127,62,1.332116866,1,1,0,0,0,0,0,0,NA,NA,NA,NA
"39","805830683.220114022151_sel08_S7.wav",220114000000,"S7",19.57909411,106,12.10619724,1,1,0,0,0,0,0,0,NA,NA,NA,NA
"40","805830683.220114022151_sel09_S8.wav",220114000000,"S8",19.03332398,113,12.64027103,1,1,0,0,0,0,0,0,NA,NA,NA,NA
"41","805830683.220114022151_sel10_S9.wav",220114000000,"S9",20.5450537,56,16.05060591,1,1,0,0,0,0,0,0,NA,NA,NA,NA
"42","805830683.220115022142_sel01_S1.wav",220115000000,"S1",16.44483624,90,1.636419395,1,1,0,0,0,0,0,0,NA,NA,NA,NA
"43","805830683.220115022142_sel04_S3.wav",220115000000,"S3",17.39290306,897,-2.983625869,1,1,0,0,0,0,0,0,NA,NA,NA,NA
"44","805830683.220116022132_sel01_S1.wav",220116000000,"S1",16.74903005,141,-7.891789879,1,1,0,0,0,0,0,0,NA,NA,NA,NA
"45","805830683.220116022132_sel03_S2.wav",220116000000,"S2",23.16704615,67,9.086617736,1,1,0,0,0,0,0,0,NA,NA,NA,NA
"46","805830683.220116022132_sel04_S3.wav",220116000000,"S3",23.53425043,88,6.458999646,1,1,0,0,0,0,0,0,NA,NA,NA,NA
"47","805830683.220116022132_sel05_S4.wav",220116000000,"S4",13.52119634,297,-9.109418524,1,1,0,0,0,0,0,0,NA,NA,NA,NA
"48","805830683.220116022132_sel06_S5.wav",220116000000,"S5",12.66081884,74,-7.647442946,1,1,0,0,0,0,0,0,NA,NA,NA,NA
"49","805830683.220117022120_sel01_S1.wav",220117000000,"S1",11.70263401,90,-0.760342615,1,1,0,0,0,0,0,0,NA,NA,NA,NA
"50","805830683.220117022120_sel02_S2.wav",220117000000,"S2",11.83018993,134,-8.79601669,1,1,0,0,0,0,0,0,NA,NA,NA,NA
"51","805830683.220117022120_sel03_S2.wav",220117000000,"S2",11.90163115,134,-5.02975964,1,1,0,0,0,0,0,0,NA,NA,NA,NA
"52","805830683.220117022120_sel04_S3.wav",220117000000,"S3",56.20389219,60,40.94978646,1,1,0,133,0,0,0,0,0,NA,NA,0
"53","805830683.220117022120_sel06_S4.wav",220117000000,"S4",8.402847085,101,-7.893939459,1,1,0,0,0,0,0,0,NA,NA,NA,NA
"54","805830683.220117022120_sel07_S5.wav",220117000000,"S5",15.34059618,106,7.556592208,1,1,0,0,0,0,0,0,NA,NA,NA,NA
"55","805830683.220118022108_sel01_S1.wav",220118000000,"S1",3.855369418,65,-12.24083148,1,1,0,0,0,0,0,0,NA,NA,NA,NA
"56","805830683.220118022108_sel02_S2.wav",220118000000,"S2",3.816657143,75,-6.801543377,1,1,0,0,0,0,0,0,NA,NA,NA,NA
"57","805830683.220118022108_sel03_S3.wav",220118000000,"S3",6.34099836,86,-6.216122788,1,1,0,0,0,0,0,0,NA,NA,NA,NA
"58","805830683.220118022108_sel04_S4.wav",220118000000,"S4",8.443015568,86,0.513893057,1,1,0,0,0,0,0,0,NA,NA,NA,NA
"59","805830683.220118022108_sel05_S5.wav",220118000000,"S5",10.18174395,90,-6.284275706,1,1,0,0,0,0,0,0,NA,NA,NA,NA
"60","805830683.220118022108_sel06_S6.wav",220118000000,"S6",7.658440956,79,-7.284330953,1,1,0,0,0,0,0,0,NA,NA,NA,NA
"61","805830683.220118022108_sel08_S7.wav",220118000000,"S7",11.40707592,71,-11.01240696,1,1,0,0,0,0,0,0,NA,NA,NA,NA
"62","805830683.220118022108_sel09_S8.wav",220118000000,"S8",25.25606509,73,7.705522815,1,1,0,0,0,0,0,0,NA,NA,NA,NA
"63","805830683.220118022108_sel10_S9.wav",220118000000,"S9",19.29433237,101,3.379564253,1,1,0,0,0,0,0,0,NA,NA,NA,NA
"64","805830683.220119022059_sel02_S1.wav",220119000000,"S1",9.229095359,122,-12.38097395,1,1,0,0,0,0,0,0,NA,NA,NA,NA
"65","805830683.220119022059_sel03_S2.wav",220119000000,"S2",26.23413267,67,18.30143557,1,1,0,0,0,0,0,0,NA,NA,NA,NA
"66","805830683.220120022051_sel01_S1.wav",220120000000,"S1",18.636454,70,12.80359861,1,1,0,0,0,0,0,0,NA,NA,NA,NA
"67","805830683.220120022051_sel02_S2.wav",220120000000,"S2",9.560358409,83,-12.57007727,1,1,0,0,0,0,0,0,NA,NA,NA,NA
"68","805830683.220120022051_sel03_S3.wav",220120000000,"S3",7.562784229,67,-14.4038333,1,1,0,0,0,0,0,0,NA,NA,NA,NA
"69","805830683.220121022043_sel05_S4.wav",220121000000,"S4",15.59780462,176,-5.750088401,1,1,0,0,0,0,0,0,NA,NA,NA,NA
"70","805830683.220121022043_sel08_S6.wav",220121000000,"S6",10.5780971,1012,-13.93047245,1,1,0,0,0,0,0,0,NA,NA,NA,NA
"71","805830683.220121022043_sel10_S7.wav",220121000000,"S7",41.60519821,78,27.39821863,1,1,0,0,0,0,0,0,NA,NA,NA,NA
"72","805830683.220121022043_sel11_S8.wav",220121000000,"S8",16.17943558,89,2.016610578,1,1,0,0,0,0,0,0,NA,NA,NA,NA
"73","805830683.220121022043_sel12_S9.wav",220121000000,"S9",7.427849461,84,-12.05972942,1,1,0,0,0,0,0,0,NA,NA,NA,NA
"74","805830683.220121022043_sel13_S10.wav",220121000000,"S10",12.43727825,193,1.913411037,1,1,0,0,0,0,0,0,NA,NA,NA,NA
"75","805830683.220121022043_sel14_S11.wav",220121000000,"S11",5.234804091,92,-10.20537252,1,1,0,0,0,0,0,0,NA,NA,NA,NA
"76","805830683.220122022033_sel01_S1.wav",220122000000,"S1",34.85905253,53,26.64059499,1,1,0,0,0,0,0,0,NA,NA,NA,NA
"77","805830683.220122022033_sel02_S2.wav",220122000000,"S2",8.197686973,53,-5.507659338,1,1,0,0,0,0,0,0,NA,NA,NA,NA
"78","805830683.220122022033_sel05_S5.wav",220122000000,"S5",4.92474903,169,-16.66530289,1,1,0,0,0,0,0,0,NA,NA,NA,NA
"79","805830683.220122022033_sel06_S6.wav",220122000000,"S6",5.969644873,94,-8.218572012,1,1,0,0,0,0,0,0,NA,NA,NA,NA
"80","805830683.220122022033_sel07_S7.wav",220122000000,"S7",14.73264595,105,-7.503590068,1,1,0,0,0,0,0,0,NA,NA,NA,NA
"81","805830683.220122022033_sel09_S9.wav",220122000000,"S9",11.46414611,126,-2.377547225,1,1,0,0,0,0,0,0,NA,NA,NA,NA
"82","805830683.220122022033_sel10_S10.wav",220122000000,"S10",7.901245661,124,-11.78118161,1,1,0,0,0,0,0,0,NA,NA,NA,NA
"83","805830683.220122022033_sel11_S11.wav",220122000000,"S11",9.957731948,83,1.512103893,1,1,0,0,0,0,0,0,NA,NA,NA,NA
"84","805830683.220122022033_sel12_S12.wav",220122000000,"S12",21.24979553,114,15.97774064,1,1,0,0,0,0,0,0,NA,NA,NA,NA
"85","805830683.220122022033_sel13_S13.wav",220122000000,"S13",21.22212753,116,15.51457803,1,1,0,0,0,0,0,0,NA,NA,NA,NA
"86","805830683.220123022022_sel01_S1.wav",220123000000,"S1",18.4540982,89,4.498941296,1,1,0,0,0,0,0,0,NA,NA,NA,NA
"87","805830683.220123022022_sel02_S2.wav",220123000000,"S2",29.1091356,92,13.24065976,1,1,0,0,0,0,0,0,NA,NA,NA,NA
"88","805830683.220124022010_sel01_S1.wav",220124000000,"S1",17.45036399,64,7.005113714,1,1,0,0,0,0,0,0,NA,NA,NA,NA
"89","805830683.220124022010_sel02_S2.wav",220124000000,"S2",18.29812279,90,6.857740229,1,1,0,0,0,0,0,0,NA,NA,NA,NA
"90","805830683.220125022000_sel02_S2.wav",220125000000,"S2",21.51363634,97,8.029140171,1,1,0,0,0,0,0,0,NA,NA,NA,NA
"91","805830683.220125022000_sel03_S3.wav",220125000000,"S3",11.56968005,112,-10.06417088,1,1,0,0,0,0,0,0,NA,NA,NA,NA
"92","805830683.220125022000_sel04_S4.wav",220125000000,"S4",20.27428965,66,12.87593442,1,1,0,0,0,0,0,0,NA,NA,NA,NA
"93","805830683.220125022000_sel05_S5.wav",220125000000,"S5",30.29129071,58,19.88364486,1,1,0,0,0,0,0,0,NA,NA,NA,NA
"94","805830683.220125022000_sel07_S7.wav",220125000000,"S7",19.31124878,65,13.37536254,1,1,0,0,0,0,0,0,NA,NA,NA,NA
"95","805830683.220125022000_sel08_S8.wav",220125000000,"S8",28.30207489,113,23.80372549,1,1,0,0,0,0,0,0,NA,NA,NA,NA
"96","805830683.220125022000_sel10_S9.wav",220125000000,"S9",19.11512819,67,13.71678814,1,1,0,0,0,0,0,0,NA,NA,NA,NA
"97","805830683.220126021947_sel01_S1.wav",220126000000,"S1",17.46813267,113,8.440082607,1,1,0,0,0,0,0,0,NA,NA,NA,NA
"98","805830683.220126021947_sel02_S2.wav",220126000000,"S2",17.26620379,57,10.00412492,1,1,0,0,0,0,0,0,NA,NA,NA,NA
"99","805830683.220126021947_sel03_S3.wav",220126000000,"S3",38.52795989,101,27.43883541,1,1,0,0,0,0,0,0,NA,NA,NA,NA
"100","805830683.220126021947_sel04_S4.wav",220126000000,"S4",33.23503919,71,22.2728607,1,1,0,0,0,0,0,0,NA,NA,NA,NA
"101","805830683.220127021938_sel01_S1.wav",220127000000,"S1",45.90471548,73,32.6993483,1,1,0,0,0,0,0,0,NA,NA,NA,NA
"102","805830683.220128021928_sel01_S1.wav",220128000000,"S1",14.25709982,75,-0.69114581,1,1,0,0,0,0,0,0,NA,NA,NA,NA
"103","805830683.220128021928_sel02_S1.wav",220128000000,"S1",14.98309006,87,-2.766218434,1,1,0,0,0,0,0,0,NA,NA,NA,NA
"104","805830683.220128021928_sel03_S1.wav",220128000000,"S1",14.63281035,120,3.299674767,1,1,0,0,0,0,0,0,NA,NA,NA,NA
"105","805830683.220128021928_sel04_S2.wav",220128000000,"S2",14.01991041,228,-13.10251296,1,1,0,0,0,0,0,0,NA,NA,NA,NA
"106","805830683.220128021928_sel05_S3.wav",220128000000,"S3",14.78065487,89,-5.515503599,1,1,0,0,0,0,0,0,NA,NA,NA,NA
"107","805830683.220128021928_sel06_S4.wav",220128000000,"S4",30.52409121,93,18.8571895,1,1,0,0,0,0,0,0,NA,NA,NA,NA
"108","805830683.220128021928_sel07_S5.wav",220128000000,"S5",26.66262421,66,11.94546155,1,1,0,0,0,0,0,0,NA,NA,NA,NA
"109","805830683.220128021928_sel08_S6.wav",220128000000,"S6",10.98968115,123,-6.653168551,1,1,0,0,0,0,0,0,NA,NA,NA,NA
"110","805830683.220128021928_sel09_S7.wav",220128000000,"S7",9.735841072,80,-9.090679828,1,1,0,0,0,0,0,0,NA,NA,NA,NA
"111","805830683.220128021928_sel10_S8.wav",220128000000,"S8",6.999487436,92,-5.339703191,1,1,0,0,0,0,0,0,NA,NA,NA,NA
"112","805830683.220128021928_sel11_S9.wav",220128000000,"S9",8.195884755,66,-9.995250228,1,1,0,0,0,0,0,0,NA,NA,NA,NA
"113","805830683.220128021928_sel12_S10.wav",220128000000,"S10",14.63824025,99,1.299328464,1,1,0,0,0,0,0,0,NA,NA,NA,NA
"114","805830683.220129021919_sel01_S1.wav",220129000000,"S1",5.653551678,58,-11.66918656,1,1,0,0,0,0,0,0,NA,NA,NA,NA
"115","805830683.220129021919_sel02_S2.wav",220129000000,"S2",8.060320704,179,-5.736015366,1,1,0,0,0,0,0,0,NA,NA,NA,NA
"116","805830683.220129021919_sel03_S3.wav",220129000000,"S3",35.78445714,63,26.54420975,1,1,0,0,0,0,0,0,NA,NA,NA,NA
"117","805830683.220129021919_sel04_S4.wav",220129000000,"S4",32.85674257,100,18.54524073,1,1,0,0,0,0,0,0,NA,NA,NA,NA
"118","805830683.220129021919_sel05_S5.wav",220129000000,"S5",26.85537049,104,20.68510712,1,1,0,0,0,0,0,0,NA,NA,NA,NA
"119","805830683.220129021919_sel06_S6.wav",220129000000,"S6",19.35588959,110,11.49123917,1,1,0,0,0,0,0,0,NA,NA,NA,NA
"120","805830683.220130021911_sel01_S1.wav",220130000000,"S1",14.54538712,68,4.492497347,1,1,0,0,0,0,0,0,NA,NA,NA,NA
"121","805830683.220130021911_sel02_S2.wav",220130000000,"S2",21.71678116,104,12.03291298,1,1,0,0,0,0,0,0,NA,NA,NA,NA
"122","805830683.220201021853_sel01_.wav",220201000000,NA,25.21676889,97,13.78578448,1,1,0,0,0,0,0,0,NA,NA,NA,NA
"123","805830683.220201021853_sel02_.wav",220201000000,NA,15.95404737,85,-2.287038641,1,1,0,0,0,0,0,0,NA,NA,NA,NA
"124","805830683.220201021853_sel03_.wav",220201000000,NA,25.4732014,87,12.41110095,1,1,0,0,0,0,0,0,NA,NA,NA,NA
"125","805830683.220202021844_sel01_S1.wav",220202000000,"S1",45.49501109,59,33.73799978,1,1,0,0,0,0,0,0,NA,NA,NA,NA
"126","805830683.220202021844_sel02_S2.wav",220202000000,"S2",15.20186422,77,1.659208585,1,1,0,0,0,0,0,0,NA,NA,NA,NA
"127","805830683.220202021844_sel03_S3.wav",220202000000,"S3",15.53004909,57,-5.037766164,1,1,0,0,0,0,0,0,NA,NA,NA,NA
"128","805830683.220202021844_sel04_S4.wav",220202000000,"S4",9.219668361,151,-10.07804155,1,1,0,0,0,0,0,0,NA,NA,NA,NA
"129","805830683.220202021844_sel05_S5.wav",220202000000,"S5",10.45280092,61,-6.300389048,1,1,0,0,0,0,0,0,NA,NA,NA,NA
"130","805830683.220202021844_sel06_S5.wav",220202000000,"S5",10.64775839,60,-2.880619328,1,1,0,0,0,0,0,0,NA,NA,NA,NA
"131","805830683.220202021844_sel07_S6.wav",220202000000,"S6",13.08020333,68,-0.924080277,1,1,0,0,0,0,0,0,NA,NA,NA,NA
"132","805830683.220202021844_sel08_S7.wav",220202000000,"S7",17.42194891,62,2.399758738,1,1,0,0,0,0,0,0,NA,NA,NA,NA
"133","805830683.220202021844_sel09_S7.wav",220202000000,"S7",18.29756168,61,9.417518095,1,1,0,0,0,0,0,0,NA,NA,NA,NA
"134","805830683.220202021844_sel10_S7.wav",220202000000,"S7",21.34088949,97,6.715495245,1,1,0,0,0,0,0,0,NA,NA,NA,NA
"135","805830683.220202021844_sel11_S7.wav",220202000000,"S7",7.605625242,82,-8.962057315,1,1,0,0,0,0,0,0,NA,NA,NA,NA
"136","805830683.220203021831_sel01_S1.wav",220203000000,"S1",9.498225734,123,0.870028622,1,1,0,0,0,0,0,0,NA,NA,NA,NA
"137","805830683.220203021831_sel02_S2.wav",220203000000,"S2",4.162774182,127,-14.83689732,1,1,0,0,0,0,0,0,NA,NA,NA,NA
"138","805830683.220203021831_sel03_S3.wav",220203000000,"S3",16.49676122,108,10.24765544,1,1,0,0,0,0,0,0,NA,NA,NA,NA
"139","805830683.220203021831_sel04_S4.wav",220203000000,"S4",3.85925025,359,-15.67773508,1,1,0,0,0,0,0,0,NA,NA,NA,NA
"140","805830683.220203021831_sel05_S5.wav",220203000000,"S5",9.334495498,75,-10.00246423,1,1,0,0,0,0,0,0,NA,NA,NA,NA
"141","805830683.220203021831_sel06_S6.wav",220203000000,"S6",37.03967242,60,25.39315773,1,1,0,0,0,0,0,0,NA,NA,NA,NA
"142","805830683.220203021831_sel07_S7.wav",220203000000,"S7",24.2618592,57,13.78528884,1,1,0,0,0,0,0,0,NA,NA,NA,NA
"143","805830683.220203021831_sel08_S8.wav",220203000000,"S8",23.29135178,105,18.7059081,1,1,0,0,0,0,0,0,NA,NA,NA,NA
"144","805830683.220203021831_sel09_S9.wav",220203000000,"S9",21.9455909,62,15.885687,1,1,0,0,0,0,0,0,NA,NA,NA,NA
"145","805830683.220203021831_sel10_S10.wav",220203000000,"S10",10.18884481,60,1.278701931,1,1,0,0,0,0,0,0,NA,NA,NA,NA
"146","805830683.220204021820_sel01_S1.wav",220204000000,"S1",12.05935536,137,3.299128883,1,1,0,0,0,0,0,0,NA,NA,NA,NA
"147","805830683.220204021820_sel02_S2.wav",220204000000,"S2",2.102171534,206,-8.21908615,1,1,0,0,0,0,0,0,NA,NA,NA,NA
"148","805830683.220204021820_sel03_S3.wav",220204000000,"S3",1.465170606,210,-20.31245642,1,1,0,0,0,0,0,0,NA,NA,NA,NA
"149","805830683.220204021820_sel05_S5.wav",220204000000,"S5",5.930043343,100,-13.88786272,1,1,0,0,0,0,0,0,NA,NA,NA,NA
"150","805830683.220204021820_sel06_S6.wav",220204000000,"S6",21.40015902,62,15.70273898,1,1,0,0,0,0,0,0,NA,NA,NA,NA
"151","805830683.220204021820_sel07_S7.wav",220204000000,"S7",7.993908476,138,-6.084351699,1,1,0,0,0,0,0,0,NA,NA,NA,NA
"152","805830683.220205021811_sel02_S2.wav",220205000000,"S2",7.363725393,84,-9.610416159,1,1,0,0,0,0,0,0,NA,NA,NA,NA
"153","805830683.220205021811_sel03_S3.wav",220205000000,"S3",6.010371954,118,-13.01332336,1,1,0,0,0,0,0,0,NA,NA,NA,NA
"154","805830683.220205021811_sel06_S6.wav",220205000000,"S6",8.795653285,95,-10.80248232,1,1,0,0,0,0,0,0,NA,NA,NA,NA
"155","805830683.220205021811_sel07_S7.wav",220205000000,"S7",49.51621166,69,38.76188338,1,1,0,0,0,0,0,0,NA,NA,NA,NA
"156","805830683.220207021752_sel01_S1.wav",220207000000,"S1",13.0282457,261,-13.64954764,1,1,0,0,0,0,0,0,NA,NA,NA,NA
"157","805830683.220207021752_sel02_S2.wav",220207000000,"S2",11.64512471,525,-8.480786895,1,1,0,0,0,0,0,0,NA,NA,NA,NA
"158","805830683.220207021752_sel03_S3.wav",220207000000,"S3",13.24166157,88,-7.810326359,1,1,0,0,0,0,0,0,NA,NA,NA,NA
"159","805830683.220207021752_sel04_S4.wav",220207000000,"S4",21.75004327,62,15.62513593,1,1,0,0,0,0,0,0,NA,NA,NA,NA
"160","805830683.220208021742_sel01_S1.wav",220208000000,"S1",33.21932069,93,23.33453969,1,1,0,0,0,0,0,0,NA,NA,NA,NA
"161","805830683.220208021742_sel02_S2.wav",220208000000,"S2",25.99302645,132,11.34275643,1,1,0,0,0,0,0,0,NA,NA,NA,NA
"162","805830683.220209021731_sel01_S1.wav",220209000000,"S1",40.32803089,218,26.09589251,1,1,0,0,0,0,0,0,NA,NA,NA,NA
"163","805830683.220209021731_sel02_S2.wav",220209000000,"S2",19.71891481,59,12.03083072,1,1,0,0,0,0,0,0,NA,NA,NA,NA
"164","805830683.220209021731_sel03_S3.wav",220209000000,"S3",23.39048158,95,5.196625489,1,1,0,0,0,0,0,0,NA,NA,NA,NA
"165","805830683.220209021731_sel04_S4.wav",220209000000,"S4",25.51833708,111,19.59267845,1,1,0,0,0,0,0,0,NA,NA,NA,NA
"166","805830683.220209021731_sel05_S5.wav",220209000000,"S5",17.92227092,97,4.471144388,1,1,0,0,0,0,0,0,NA,NA,NA,NA
"167","805830683.220209021731_sel06_S6.wav",220209000000,"S6",14.48487737,52,1.657405299,1,1,0,0,0,0,0,0,NA,NA,NA,NA
"168","805830683.220210021721_sel01_S1.wav",220210000000,"S1",18.79302815,71,2.056801105,1,1,0,0,0,0,0,0,NA,NA,NA,NA
"169","805830683.220210021721_sel02_S2.wav",220210000000,"S2",20.73355802,112,9.573961731,1,1,0,0,0,0,0,0,NA,NA,NA,NA
"170","805830683.220210021721_sel03_S3.wav",220210000000,"S3",12.41546707,57,0.738308422,1,1,0,0,0,0,0,0,NA,NA,NA,NA
"171","805830683.220210021721_sel04_S4.wav",220210000000,"S4",15.05698801,71,1.318087183,1,1,0,0,0,0,0,0,NA,NA,NA,NA
"172","805830683.220210021721_sel05_S5.wav",220210000000,"S5",3.840003356,53,-10.84550195,1,1,0,0,0,0,0,0,NA,NA,NA,NA
"173","805830683.220212021704_sel01_S1.wav",220212000000,"S1",17.54801621,329,2.820642658,1,1,0,0,0,0,0,0,NA,NA,NA,NA
"174","805830683.220213021656_sel02_S2.wav",220213000000,"S2",15.13175457,112,8.677521646,1,1,0,0,0,0,0,0,NA,NA,NA,NA
"175","805830683.220214021648_sel01_S1.wav",220214000000,"S1",15.30130396,111,5.995236438,1,1,0,0,0,0,0,0,NA,NA,NA,NA
"176","805830683.220214021648_sel02_S2.wav",220214000000,"S2",18.97959043,121,12.97074218,1,1,0,0,0,0,0,0,NA,NA,NA,NA
"177","805830683.220215021638_sel01_S1.wav",220215000000,"S1",16.68146336,74,3.798825875,1,1,0,0,0,0,0,0,NA,NA,NA,NA
"178","805830683.220215021638_sel02_S2.wav",220215000000,"S2",38.25813179,53,25.46815896,1,1,0,0,0,0,0,0,NA,NA,NA,NA
"179","805830683.220215021638_sel03_S3.wav",220215000000,"S3",45.44914069,61,33.15992547,1,1,0,0,0,0,0,0,NA,NA,NA,NA
"180","805830683.220215021638_sel04_S4.wav",220215000000,"S4",13.87325336,895,-4.519583405,1,1,0,0,0,0,0,0,NA,NA,NA,NA
"181","805830683.220215021638_sel05_S5.wav",220215000000,"S5",18.88816684,99,5.0606609,1,1,0,0,0,0,0,0,NA,NA,NA,NA
"182","805830683.220216021628_sel02_S2.wav",220216000000,"S2",16.93060209,74,-2.924456733,1,1,0,0,0,0,0,0,NA,NA,NA,NA
"183","805830683.220216021628_sel03_S3.wav",220216000000,"S3",22.61054834,302,11.27418712,1,1,0,0,0,0,0,0,NA,NA,NA,NA
"184","805830683.220217021617_sel01_S2.wav",220217000000,"S2",6.277952825,85,-15.60969623,1,1,0,0,0,0,0,0,NA,NA,NA,NA
"185","805830683.220217021617_sel02_S3.wav",220217000000,"S3",20.14403724,73,6.160879468,1,1,0,0,0,0,0,0,NA,NA,NA,NA
"186","805830683.220218021609_sel01_S1.wav",220218000000,"S1",5.436692782,161,-14.17828496,1,1,0,0,0,0,0,0,NA,NA,NA,NA
"187","805830683.220218021609_sel02_S2.wav",220218000000,"S2",4.135770322,247,-11.57507916,1,1,0,0,0,0,0,0,NA,NA,NA,NA
"188","805830683.220218021609_sel03_S3.wav",220218000000,"S3",5.893194698,134,-9.95050118,1,1,0,0,0,0,0,0,NA,NA,NA,NA
"189","805830683.220218021609_sel05_S4.wav",220218000000,"S4",6.107374782,245,-8.382159704,1,1,0,0,0,0,0,0,NA,NA,NA,NA
"190","805830683.220218021609_sel07_S5.wav",220218000000,"S5",21.34753781,53,11.0829921,1,1,0,0,0,0,0,0,NA,NA,NA,NA
"191","805830683.220218021609_sel08_S6.wav",220218000000,"S6",13.82240911,140,-5.981111198,1,1,0,0,0,0,0,0,NA,NA,NA,NA
"192","805830683.220219021600_sel01_S1.wav",220219000000,"S1",11.54535689,98,-4.449547316,1,1,0,0,0,0,0,0,NA,NA,NA,NA
"193","805830683.220219021600_sel02_S2.wav",220219000000,"S2",15.38168299,898,-1.881793835,1,1,0,0,0,0,0,0,NA,NA,NA,NA
"194","805830683.220219021600_sel03_S3.wav",220219000000,"S3",31.29088266,958,13.71945006,1,1,0,0,0,0,0,0,NA,NA,NA,NA
"195","805830683.220220021551_sel01_S1.wav",220220000000,"S1",12.78725299,106,-9.788346294,1,1,0,0,0,0,0,0,NA,NA,NA,NA
"196","805830683.220220021551_sel02_S2.wav",220220000000,"S2",11.77484629,55,-6.162315663,1,1,0,0,0,0,0,0,NA,NA,NA,NA
"197","805830683.220220021551_sel03_S3.wav",220220000000,"S3",23.43121858,108,18.64494431,1,1,0,0,0,0,0,0,NA,NA,NA,NA
"198","805830683.220220021551_sel04_S4.wav",220220000000,"S4",23.10423798,111,17.68532364,1,1,0,0,0,0,0,0,NA,NA,NA,NA
"199","805830683.220221021540_sel01_S1.wav",220221000000,"S1",15.0502232,103,6.56072463,1,1,0,0,0,0,0,0,NA,NA,NA,NA
"200","805830683.220221021540_sel02_S2.wav",220221000000,"S2",13.44375042,87,5.532918461,1,1,0,0,0,0,0,0,NA,NA,NA,NA
"201","805830683.220221021540_sel03_S3.wav",220221000000,"S3",15.66490206,112,7.093008076,1,1,0,0,0,0,0,0,NA,NA,NA,NA
"202","805830683.220221021540_sel04_S4.wav",220221000000,"S4",16.70257613,108,8.341229712,1,1,0,0,0,0,0,0,NA,NA,NA,NA
"203","805830683.220222021531_sel01_S1.wav",220222000000,"S1",42.5337972,52,31.55775356,1,1,0,0,0,0,0,0,NA,NA,NA,NA
"204","805830683.220224021514_sel01_S1.wav",220224000000,"S1",9.082925964,80,-7.426771682,1,1,0,0,0,0,0,0,NA,NA,NA,NA
"205","805830683.220225021503_sel01_S1.wav",220225000000,"S1",9.334555162,63,-6.728642718,1,1,0,0,0,0,0,0,NA,NA,NA,NA
"206","805830683.220225021503_sel02_S2.wav",220225000000,"S2",13.31445652,61,2.618678172,1,1,0,0,0,0,0,0,NA,NA,NA,NA
"207","805830683.220225021503_sel04_S3.wav",220225000000,"S3",55.12079338,57,43.71517566,1,1,0,339,0,0,0,0,0,NA,NA,0
"208","805830683.220225021503_sel05_S4.wav",220225000000,"S4",14.48871299,91,-5.354787068,1,1,0,0,0,0,0,0,NA,NA,NA,NA
"209","805830683.220225021503_sel06_S5.wav",220225000000,"S5",25.01364414,88,12.7336185,1,1,0,0,0,0,0,0,NA,NA,NA,NA
"210","805830683.220227021445_sel01_S1.wav",220227000000,"S1",17.47696584,61,2.554756024,1,1,0,0,0,0,0,0,NA,NA,NA,NA
"211","805830683.220227021445_sel02_S2.wav",220227000000,"S2",26.99386975,101,14.06894346,1,1,0,0,0,0,0,0,NA,NA,NA,NA
"212","805830683.220227021445_sel03_S3.wav",220227000000,"S3",42.39315155,55,29.89967348,1,1,0,0,0,0,0,0,NA,NA,NA,NA
"213","805830683.220227021445_sel04_S4.wav",220227000000,"S4",8.655975696,243,-10.97782781,1,1,0,0,0,0,0,0,NA,NA,NA,NA
"214","805830683.220228021435_sel02_S2.wav",220228000000,"S2",29.08598338,70,15.1744687,1,1,0,0,0,0,0,0,NA,NA,NA,NA
"215","805830683.220301021426_sel01_S1.wav",220301000000,"S1",18.68982752,108,4.941662257,1,1,0,0,0,0,0,0,NA,NA,NA,NA
"216","805830683.220302021418_sel01_S1.wav",220302000000,"S1",25.99532937,117,14.51164536,1,1,0,0,0,0,0,0,NA,NA,NA,NA
"217","805830683.220303021408_sel01_S1.wav",220303000000,"S1",14.67797248,118,-6.213313342,1,1,0,0,0,0,0,0,NA,NA,NA,NA
"218","805830683.220304021358_sel01_S1.wav",220304000000,"S1",44.26947832,50,31.42849308,1,1,0,0,0,0,0,0,NA,NA,NA,NA
"219","805830683.220304021358_sel02_S2.wav",220304000000,"S2",15.90571589,715,-2.608615003,1,1,0,0,0,0,0,0,NA,NA,NA,NA
"220","805830683.220306021340_sel01_S1.wav",220306000000,"S1",8.107278647,685,-19.29748214,1,1,0,0,0,0,0,0,NA,NA,NA,NA
"221","805830683.220306021340_sel03_S2.wav",220306000000,"S2",8.340636127,845,-13.10034341,1,1,0,0,0,0,0,0,NA,NA,NA,NA
"222","805830683.220306021340_sel04_S3.wav",220306000000,"S3",2.703554183,69,-18.18613371,1,1,0,0,0,0,0,0,NA,NA,NA,NA
"223","805830683.220306021340_sel05_S4.wav",220306000000,"S4",7.176447432,879,-17.2912206,1,1,0,0,0,0,0,0,NA,NA,NA,NA
"224","805830683.220306021340_sel06_S5.wav",220306000000,"S5",4.017337261,210,-14.6894139,1,1,0,0,0,0,0,0,NA,NA,NA,NA
"225","805830683.220306021340_sel07_S6.wav",220306000000,"S6",5.939596599,240,-8.865591424,1,1,0,0,0,0,0,0,NA,NA,NA,NA
"226","805830683.220306021340_sel09_S7.wav",220306000000,"S7",4.056496172,262,-17.07967736,1,1,0,0,0,0,0,0,NA,NA,NA,NA
"227","805830683.220306021340_sel10_S8.wav",220306000000,"S8",14.93420396,358,-6.718139108,1,1,0,0,0,0,0,0,NA,NA,NA,NA
"228","805830683.220307021329_sel01_S1.wav",220307000000,"S1",50.10922502,50,39.35893691,1,1,0,13,0,0,0,0,0,NA,NA,0
"229","805830683.220307021329_sel02_S2.wav",220307000000,"S2",18.02239517,444,0.159272227,1,1,0,0,0,0,0,0,NA,NA,NA,NA
"230","805830683.220307021329_sel03_S3.wav",220307000000,"S3",19.00703644,142,-0.271432624,1,1,0,0,0,0,0,0,NA,NA,NA,NA
"231","805830683.220308021319_sel01_S1.wav",220308000000,"S1",43.82202137,51,30.35500857,1,1,0,0,0,0,0,0,NA,NA,NA,NA
"232","805830683.220309021308_sel01_S1.wav",220309000000,"S1",17.41854882,98,-4.613020142,1,1,0,0,0,0,0,0,NA,NA,NA,NA
"233","805830683.220309021308_sel04_S4.wav",220309000000,"S4",13.99449357,240,-6.283363908,1,1,0,0,0,0,0,0,NA,NA,NA,NA
"234","805830683.220310021300_sel02_S2.wav",220310000000,"S2",34.32019694,242,27.44778479,1,1,0,0,0,0,0,0,NA,NA,NA,NA
