,Filename,Date,Selection,RMS,PeakFreq,PeakLev,used,ins_sm,out_sm,ins_med,out_med,ins_lg,out_lg,pins_sm,pins_med,pins_lg,pins_ovrll
1,5458.210510053604_sel01_S1.wav,2.1051E+11,S1,130.2449082,66,118.7385025,1,4,0,52,0,65,54,1,1,0.546218487,1
2,5458.210510053604_sel03_S2.wav,2.1051E+11,S2,117.8770611,259,104.4049396,1,27,0,93,155,0,400,1,0.375,0,0.436363636
3,5458.210510053604_sel03_S9.wav,2.1051E+11,S9,107.4353527,2540,80.18633467,1,96,292,0,819,0,0,0.24742268,0,NA,0.07953604
4,5458.210510053604_sel04_S3.wav,2.1051E+11,S3,109.7291466,1903,89.53324547,1,113,40,0,803,0,268,0.738562092,0,0,0.118200837
5,5458.210510053604_sel08_S4.wav,2.1051E+11,S4,109.4157741,2783,85.08689633,1,107,136,0,975,0,0,0.440329218,0,NA,0.087848933
6,5458.210510053604_sel11_S5.wav,2.1051E+11,S5,115.9440653,223,93.5203398,1,99,0,18,603,0,508,1,0.028985507,0,0.1625
7,5458.210510053604_sel14_S11.wav,2.1051E+11,S11,112.1880696,813,86.50534709,1,110,101,0,951,0,59,0.521327014,0,0,0.094664372
8,5458.210510053604_sel20_S8.wav,2.1051E+11,S8,106.9738157,1786,73.83658267,1,66,585,0,526,0,0,0.101382488,0,NA,0.056074766
9,5458.210510053604_sel24_S10.wav,2.1051E+11,S10,106.8533854,168,77.39174116,1,85,408,0,703,0,0,0.172413793,0,NA,0.071070234
10,5458.210510053604_sel27_S11.wav,2.1051E+11,S11,112.0927264,803,87.54874547,1,111,78,0,899,0,134,0.587301587,0,0,0.102022059
11,5458.210510053604_sel30_S6.wav,2.1051E+11,S6,111.9143009,2801,95.2825918,1,81,0,37,509,0,602,1,0.067765568,0,0.188197767
12,5458.210511053113_sel01_S4.wav,2.10511E+11,S4,106.3197399,190,79.28368569,1,93,328,0,783,0,0,0.220902613,0,NA,0.077242525
13,5458.210511053113_sel03_S2.wav,2.10511E+11,S2,108.3494008,251,70.2949232,1,37,794,0,317,0,0,0.044524669,0,NA,0.032229965
14,5458.210511053113_sel03_S6.wav,2.10511E+11,S6,109.6187375,168,82.8416063,1,103,201,0,910,0,0,0.338815789,0,NA,0.084843493
15,5458.210511053113_sel05_S3.wav,2.10511E+11,S3,110.5216251,440,82.00125069,1,101,228,0,883,0,0,0.306990881,0,NA,0.083333333
16,5458.210511053113_sel11_S9.wav,2.10511E+11,S9,106.5532978,145,76.86345501,1,83,433,0,678,0,0,0.160852713,0,NA,0.069514238
17,5458.210512053102_sel05_S2.wav,2.10512E+11,S2,108.3466845,1120,81.0325183,1,98,261,0,850,0,0,0.272980501,0,NA,0.081058726
18,5458.210513053052_sel02_S3.wav,2.10513E+11,S3,106.1380674,1441,80.98830697,1,98,263,0,848,0,0,0.271468144,0,NA,0.081058726
19,5458.210514053042_sel03_S6.wav,2.10514E+11,S6,106.5046357,545,76.54424813,1,81,448,0,663,0,0,0.153119093,0,NA,0.06795302
20,5458.210514053042_sel05_S3.wav,2.10514E+11,S3,107.5958629,534,80.59647816,1,97,277,0,834,0,0,0.259358289,0,NA,0.080298013
21,5458.210514053042_sel05_S7.wav,2.10514E+11,S7,105.2859671,298,79.88144552,1,95,304,0,807,0,0,0.238095238,0,NA,0.078772803
22,5458.210514053042_sel09_S5.wav,2.10514E+11,S5,106.2964968,2052,75.39479239,1,75,504,0,607,0,0,0.129533679,0,NA,0.063237774
23,5458.210515053034_sel02_S6.wav,2.10515E+11,S6,105.9457618,351,76.6367541,1,82,443,0,668,0,0,0.156190476,0,NA,0.068734283
24,5458.210515053034_sel05_S3.wav,2.10515E+11,S3,107.5958629,534,80.59647816,1,97,277,0,834,0,0,0.259358289,0,NA,0.080298013
25,5458.210515053034_sel07_S7.wav,2.10515E+11,S7,105.4764891,194,77.29713113,1,85,413,0,698,0,0,0.170682731,0,NA,0.071070234
26,5458.210515053034_sel10_S5.wav,2.10515E+11,S5,107.5398385,42,86.22072596,1,109,108,0,964,0,39,0.502304147,0,0,0.092294666
27,5458.210516053024_sel01_S1.wav,2.10516E+11,S1,114.0370125,181,89.80356627,1,114,35,0,791,0,285,0.765100671,0,0,0.121276596
28,5458.210516053024_sel15_S8.wav,2.10516E+11,S8,108.9197792,1036,82.34933316,1,102,216,0,895,0,0,0.320754717,0,NA,0.084089035
29,5458.210517053015_sel01_S9.wav,2.10517E+11,S9,107.6254619,293,75.90820076,1,78,478,0,633,0,0,0.14028777,0,NA,0.065601346
30,5458.210517053015_sel02_S2.wav,2.10517E+11,S2,113.5139409,153,105.223281,1,24,0,96,133,0,379,1,0.419213974,0,0.4743083
31,5458.210517053015_sel03_S10.wav,2.10517E+11,S10,106.2492442,3367,71.72113027,1,50,706,0,405,0,0,0.066137566,0,NA,0.043066322
32,5458.210517053015_sel03_S3.wav,2.10517E+11,S3,110.1019057,325,80.30914822,1,96,288,0,823,0,0,0.25,0,NA,0.07953604
33,5458.210517053015_sel04_S4.wav,2.10517E+11,S4,132.1056785,134,117.4707023,1,5,0,60,0,56,80,1,1,0.411764706,1
34,5458.210517053015_sel05_S5.wav,2.10517E+11,S5,111.467732,2115,84.97201702,1,107,139,0,972,0,0,0.43495935,0,NA,0.087848933
35,5458.210517053015_sel07_S6.wav,2.10517E+11,S6,120.4332831,132,101.4178639,1,39,0,81,248,0,477,1,0.246200608,0,0.326086957
36,5458.210517053015_sel08_S7.wav,2.10517E+11,S7,116.8458237,389,92.61713032,1,109,0,7,654,0,457,1,0.010590015,0,0.150649351
37,5458.210517053015_sel10_S8.wav,2.10517E+11,S8,123.7434243,136,109.0645097,1,15,0,106,48,0,289,1,0.688311688,0,0.715976331
38,5458.210518053006_sel03_S2.wav,2.10518E+11,S2,107.8959268,307,75.76807938,1,77,485,0,626,0,0,0.137010676,0,NA,0.064814815
39,5458.210518053006_sel03_S8.wav,2.10518E+11,S8,105.5680065,205,70.85394316,1,43,759,0,352,0,0,0.05361596,0,NA,0.037261698
40,5458.210518053006_sel04_S3.wav,2.10518E+11,S3,111.2537964,499,79.6712623,1,94,312,0,799,0,0,0.231527094,0,NA,0.078008299
41,5458.210518053006_sel06_S4.wav,2.10518E+11,S4,115.4829289,128,93.18577039,1,102,0,14,621,0,490,1,0.022047244,0,0.157394844
42,5458.210518053006_sel07_S5.wav,2.10518E+11,S5,109.4508071,74,81.04723983,1,98,261,0,850,0,0,0.272980501,0,NA,0.081058726
43,5458.210518053006_sel08_S10.wav,2.10518E+11,S10,107.1524625,225,84.38040644,1,106,155,0,956,0,0,0.406130268,0,NA,0.087099425
44,5458.210518053006_sel08_S6.wav,2.10518E+11,S6,108.9357598,181,95.7815003,1,76,0,42,484,0,620,1,0.079847909,0,0.196013289
45,5458.210518053006_sel09_S7.wav,2.10518E+11,S7,107.7899909,857,77.23173754,1,85,416,0,695,0,0,0.169660679,0,NA,0.071070234
46,5458.210519052957_sel01_S1.wav,2.10519E+11,S1,127.019368,58,112.1328955,1,10,0,110,0,1,223,1,1,0.004464286,1
47,5458.210519052957_sel01_S13.wav,2.10519E+11,S13,106.6851161,171,89.22268013,1,113,45,0,819,0,247,0.715189873,0,0,0.115660184
48,5458.210519052957_sel02_S2.wav,2.10519E+11,S2,110.680716,216,92.07998401,1,116,0,0,685,0,426,1,0,0,0.144818976
49,5458.210519052957_sel03_S3.wav,2.10519E+11,S3,108.11153,110,87.23825683,1,111,85,0,914,0,112,0.566326531,0,0,0.1
50,5458.210519052957_sel05_S4.wav,2.10519E+11,S4,111.9695151,207,87.7091765,1,111,75,0,891,0,145,0.596774194,0,0,0.103064067
51,5458.210519052957_sel06_S5.wav,2.10519E+11,S5,109.3280233,3261,80.63839329,1,97,276,0,835,0,0,0.260053619,0,NA,0.080298013
52,5458.210519052957_sel07_S15.wav,2.10519E+11,S15,111.3029965,196,97.4987817,1,62,0,57,404,0,577,1,0.123644252,0,0.227533461
53,5458.210519052957_sel10_S16.wav,2.10519E+11,S16,105.8674299,363,71.19569045,1,46,738,0,373,0,0,0.058673469,0,NA,0.039757995
54,5458.210519052957_sel10_S6.wav,2.10519E+11,S6,109.9365778,3654,80.52830414,1,97,280,0,831,0,0,0.25729443,0,NA,0.080298013
55,5458.210519052957_sel14_S7.wav,2.10519E+11,S7,113.0851535,154,90.92542086,1,115,17,0,738,0,356,0.871212121,0,0,0.132183908
56,5458.210519052957_sel15_S8.wav,2.10519E+11,S8,112.0679625,148,84.98578561,1,107,139,0,972,0,0,0.43495935,0,NA,0.087848933
57,5458.210519052957_sel16_S9.wav,2.10519E+11,S9,106.9924912,347,79.09335491,1,92,335,0,776,0,0,0.215456674,0,NA,0.076475478
58,5458.210519052957_sel20_S10.wav,2.10519E+11,S10,106.859325,168,88.19565499,1,112,65,0,868,0,178,0.632768362,0,0,0.107177033
59,5458.210520052947_sel01_S11.wav,2.1052E+11,S11,106.1475924,165,77.70784086,1,87,394,0,717,0,0,0.180873181,0,NA,0.072621035
60,5458.210520052947_sel02_S1.wav,2.1052E+11,S1,110.8176126,176,103.5261528,1,30,0,90,180,0,422,1,0.333333333,0,0.4
61,5458.210520052947_sel04_S2.wav,2.1052E+11,S2,110.7185414,220,91.78628269,1,115,4,0,698,0,409,0.966386555,0,0,0.140758874
62,5458.210520052947_sel05_S3.wav,2.1052E+11,S3,108.9507246,257,82.69985021,1,103,205,0,906,0,0,0.334415584,0,NA,0.084843493
63,5458.210520052947_sel06_S4.wav,2.1052E+11,S4,114.0533437,189,105.3711079,1,24,0,96,129,0,376,1,0.426666667,0,0.481927711
64,5458.210520052947_sel07_S5.wav,2.1052E+11,S5,109.9642525,1877,75.28408628,1,75,509,0,602,0,0,0.128424658,0,NA,0.063237774
65,5458.210520052947_sel08_S6.wav,2.1052E+11,S6,126.533457,162,111.3754915,1,12,0,109,10,0,239,1,0.915966387,0,0.923664122
66,5458.210520052947_sel10_S7.wav,2.1052E+11,S7,108.6028579,262,84.69261176,1,107,147,0,964,0,0,0.421259843,0,NA,0.087848933
67,5458.210520052947_sel13_S8.wav,2.1052E+11,S8,106.335868,325,71.70468035,1,50,707,0,404,0,0,0.066050198,0,NA,0.043066322
68,5458.210520052947_sel19_S15.wav,2.1052E+11,S15,106.9643464,117,87.24899483,1,111,84,0,914,0,113,0.569230769,0,0,0.100090171
69,5458.210520052947_sel20_S16.wav,2.1052E+11,S16,110.6175102,234,91.16203895,1,115,13,0,727,0,371,0.8984375,0,0,0.134502924
70,5458.210520052947_sel27_S18.wav,2.1052E+11,S18,109.7620233,3863,77.1565959,1,84,419,0,692,0,0,0.166998012,0,NA,0.070292887
71,5458.210521052939_sel01_S1.wav,2.10521E+11,S1,114.9337583,129,91.64146158,1,115,6,0,705,0,400,0.950413223,0,0,0.139225182
72,5458.210521052939_sel01_S7.wav,2.10521E+11,S7,107.3072615,144,76.93775311,1,83,429,0,682,0,0,0.162109375,0,NA,0.069514238
73,5458.210521052939_sel04_S6.wav,2.10521E+11,S6,109.4367853,194,84.8341751,1,107,143,0,968,0,0,0.428,0,NA,0.087848933
74,5458.210521052939_sel06_S4.wav,2.10521E+11,S4,108.8592286,338,72.22594638,1,54,676,0,435,0,0,0.073972603,0,NA,0.046351931
75,5458.210524052912_sel02_S1.wav,2.10524E+11,S1,124.4266056,64,115.2809663,1,7,0,77,0,37,131,1,1,0.220238095,1
76,5458.210524052912_sel03_S2.wav,2.10524E+11,S2,115.0686109,200,95.73301206,1,76,0,42,487,0,621,1,0.079395085,0,0.195041322
77,5458.210524052912_sel05_S3.wav,2.10524E+11,S3,111.7629402,133,95.87003498,1,75,0,43,480,0,618,1,0.082217973,0,0.197324415
78,5458.210525052904_sel02_S9.wav,2.10525E+11,S9,106.9832613,316,73.82676234,1,66,586,0,525,0,0,0.101226994,0,NA,0.056074766
79,5458.210525052904_sel04_S10.wav,2.10524E+11,S10,114.80354,154,93.73298864,1,96,0,21,591,0,520,1,0.034313725,0,0.165254237
80,5458.210525052904_sel05_S1.wav,2.10525E+11,S1,119.2753908,201,87.49417281,1,111,79,0,902,0,130,0.584210526,0,0,0.101648352
81,5458.210525052904_sel08_S12.wav,2.10525E+11,S12,109.8476714,138,86.8603658,1,110,93,0,933,0,85,0.541871921,0,0,0.096830986
82,5458.210525052904_sel09_S2.wav,2.10525E+11,S2,112.6203954,51,84.75133002,1,107,145,0,966,0,0,0.424603175,0,NA,0.087848933
83,5458.210525052904_sel10_S3.wav,2.10525E+11,S3,109.9688395,4063,80.29482227,1,96,288,0,823,0,0,0.25,0,NA,0.07953604
84,5458.210525052904_sel14_S5.wav,2.10525E+11,S5,121.4273051,1550,100.4919532,1,43,0,76,281,0,501,1,0.212885154,0,0.2975
85,5458.210525052904_sel16_S6.wav,2.10525E+11,S6,125.6017141,87,105.9404044,1,23,0,98,115,0,362,1,0.460093897,0,0.512711864
86,5458.210525052904_sel18_S7.wav,2.10525E+11,S7,121.9211825,93,102.1479548,1,36,0,84,223,0,458,1,0.273615635,0,0.349854227
87,5458.210525052904_sel21_S8.wav,2.10525E+11,S8,109.2307253,137,81.20360353,1,99,255,0,856,0,0,0.279661017,0,NA,0.081818182
88,5458.210525052904_sel23_S13.wav,2.10525E+11,S13,106.6352728,115,78.53158598,1,90,359,0,752,0,0,0.200445434,0,NA,0.074937552
89,5458.210525052904_sel26_S14.wav,2.10525E+11,S14,107.8922702,2217,80.96427517,1,98,264,0,847,0,0,0.270718232,0,NA,0.081058726
90,5458.210526052856_sel03_S1.wav,2.10526E+11,S1,107.8303701,911,72.20022469,1,54,678,0,433,0,0,0.073770492,0,NA,0.046351931
91,5458.210526052856_sel10_S4.wav,2.10526E+11,S4,108.3631925,725,72.97512439,1,60,633,0,478,0,0,0.086580087,0,NA,0.051238258
92,5458.210527052845_sel08_S4.wav,2.10527E+11,S4,110.2189998,175,83.18351832,1,104,190,0,921,0,0,0.353741497,0,NA,0.085596708
93,5458.210527052845_sel12_S5.wav,2.10527E+11,S5,112.9521816,317,80.1122512,1,96,295,0,816,0,0,0.245524297,0,NA,0.07953604
94,5458.210527052845_sel14_S6.wav,2.10527E+11,S6,106.1559869,545,73.50642439,1,64,604,0,507,0,0,0.095808383,0,NA,0.054468085
95,5458.210528052836_sel03_S1.wav,2.10528E+11,S1,108.7680404,204,80.58284608,1,97,278,0,833,0,0,0.258666667,0,NA,0.080298013
96,5458.210528052836_sel05_S2.wav,2.10528E+11,S2,107.4285233,255,79.0191928,1,92,338,0,773,0,0,0.213953488,0,NA,0.076475478
97,5458.210528052836_sel07_S3.wav,2.10528E+11,S3,116.7517973,1457,98.35482707,1,56,0,63,366,0,556,1,0.146853147,0,0.245360825
98,5458.210528052836_sel08_S4.wav,2.10528E+11,S4,109.987384,406,81.05070462,1,98,261,0,850,0,0,0.272980501,0,NA,0.081058726
99,5458.210531052808_sel01_S2.wav,2.10531E+11,S2,119.8069998,214,99.85289533,1,47,0,72,305,0,518,1,0.190981432,0,0.280660377
100,5458.210531052808_sel03_S6.wav,2.10531E+11,S6,106.2014802,2647,78.91272059,1,91,343,0,768,0,0,0.209677419,0,NA,0.075707155
101,5458.210531052808_sel04_S7.wav,2.10531E+11,S7,106.2728496,1639,70.94223093,1,44,754,0,357,0,0,0.055137845,0,NA,0.038095238
102,5458.210531052808_sel05_S4.wav,2.10531E+11,S4,108.1225687,4855,76.26336527,1,80,461,0,650,0,0,0.147874307,0,NA,0.067170445
103,5458.210601052757_sel04_S2.wav,2.10601E+11,S2,106.947713,255,73.57947964,1,64,599,0,512,0,0,0.09653092,0,NA,0.054468085
104,5458.210601052757_sel07_S3.wav,2.10601E+11,S3,112.0136695,242,88.95973264,1,113,50,0,831,0,230,0.693251534,0,0,0.113682093
105,5458.210601052757_sel08_S4.wav,2.10601E+11,S4,114.095063,199,86.04093203,1,109,112,0,973,0,26,0.49321267,0,0,0.091289782
106,5458.210601052757_sel10_S5.wav,2.10601E+11,S5,113.2422211,126,101.9133965,1,37,0,83,231,0,464,1,0.26433121,0,0.341880342
107,5458.210601052757_sel14_S17.wav,2.10601E+11,S17,109.0972742,131,87.98671557,1,112,69,0,878,0,164,0.61878453,0,0,0.105760151
108,5458.210601052757_sel14_S6.wav,2.10601E+11,S6,117.8745684,358,98.56972356,1,55,0,64,357,0,550,1,0.152019002,0,0.25
109,5458.210601052757_sel18_S7.wav,2.10601E+11,S7,107.7341604,246,81.14364531,1,99,257,0,854,0,0,0.278089888,0,NA,0.081818182
110,5458.210601052757_sel19_S9.wav,2.10601E+11,S9,123.5157395,156,102.3552298,1,35,0,85,216,0,453,1,0.282392027,0,0.357142857
111,5458.210601052757_sel20_S8.wav,2.10601E+11,S8,109.7069528,54,80.41196649,1,96,284,0,827,0,0,0.252631579,0,NA,0.07953604
112,5458.210601052757_sel22_S12.wav,2.10601E+11,S12,111.4196179,2627,85.02663296,1,107,138,0,973,0,0,0.436734694,0,NA,0.087848933
113,5458.210601052757_sel29_S18.wav,2.10601E+11,S18,108.2684491,138,84.30487122,1,106,157,0,954,0,0,0.403041825,0,NA,0.087099425
114,5458.210602052747_sel01_S1.wav,2.10602E+11,S1,109.1489237,197,90.95367886,1,115,16,0,737,0,358,0.877862595,0,0,0.132488479
115,5458.210602052747_sel04_S2.wav,2.10602E+11,S2,111.5279074,136,90.20572664,1,114,28,0,772,0,311,0.802816901,0,0,0.124726477
116,5458.210602052747_sel05_S20.wav,2.10602E+11,S20,106.9823441,494,72.83758399,1,59,641,0,470,0,0,0.084285714,0,NA,0.05042735
117,5458.210602052747_sel06_S16.wav,2.10602E+11,S16,107.654608,177,87.31826499,1,111,83,0,911,0,117,0.572164948,0,0,0.100452489
118,5458.210602052747_sel06_S3.wav,2.10602E+11,S3,108.824453,1986,75.72391512,1,77,487,0,624,0,0,0.136524823,0,NA,0.064814815
119,5458.210602052747_sel09_S4.wav,2.10602E+11,S4,107.3774249,228,90.22270501,1,114,28,0,771,0,312,0.802816901,0,0,0.124863089
120,5458.210602052747_sel10_S17.wav,2.10602E+11,S17,107.4798096,150,72.34323187,1,55,670,0,441,0,0,0.075862069,0,NA,0.047169811
121,5458.210602052747_sel11_S18.wav,2.10602E+11,S18,106.1287905,331,80.12900158,1,96,295,0,816,0,0,0.245524297,0,NA,0.07953604
122,5458.210602052747_sel12_S19.wav,2.10602E+11,S19,106.6237977,940,73.46014859,1,64,606,0,505,0,0,0.095522388,0,NA,0.054468085
123,5458.210602052747_sel12_S5.wav,2.10602E+11,S5,111.0332338,128,89.62173254,1,113,38,0,800,0,273,0.748344371,0,0,0.118822292
124,5458.210602052747_sel17_S6.wav,2.10602E+11,S6,109.1834715,2772,74.00962741,1,67,576,0,535,0,0,0.104199067,0,NA,0.056876061
125,5458.210602052747_sel18_S7.wav,2.10602E+11,S7,130.8670339,329,109.5243621,1,15,0,106,40,0,278,1,0.726027397,0,0.751552795
126,5458.210602052747_sel19_S8.wav,2.10602E+11,S8,115.4250442,88,96.65935863,1,68,0,50,442,0,598,1,0.101626016,0,0.210714286
127,5458.210602052747_sel20_S9.wav,2.10602E+11,S9,123.6171654,133,104.7712665,1,26,0,94,145,0,391,1,0.393305439,0,0.452830189
128,5458.210602052747_sel21_S10.wav,2.10602E+11,S10,127.870691,111,116.5112778,1,6,0,66,0,49,101,1,1,0.326666667,1
129,5458.210602052747_sel23_S11.wav,2.10602E+11,S11,113.7960017,321,89.39462177,1,113,42,0,810,0,259,0.729032258,0,0,0.117098446
130,5458.210602052747_sel25_S12.wav,2.10602E+11,S12,108.6725603,267,85.77412326,1,109,119,0,986,0,6,0.478070175,0,0,0.089785832
131,5458.210602052747_sel29_S13.wav,2.10602E+11,S13,108.5660925,149,80.23646961,1,96,291,0,820,0,0,0.248062016,0,NA,0.07953604
132,5458.210602052747_sel30_S2.wav,2.10602E+11,S2,109.8502456,134,86.50321242,1,110,101,0,951,0,59,0.521327014,0,0,0.094664372
133,5458.210602052747_sel32_S20.wav,2.10602E+11,S20,107.0849272,294,77.8528689,1,87,388,0,723,0,0,0.183157895,0,NA,0.072621035
134,5458.210602052747_sel33_S21.wav,2.10602E+11,S21,111.0429599,218,92.84931148,1,106,0,10,640,0,471,1,0.015384615,0,0.153439153
135,5458.210602052747_sel36_S22.wav,2.10602E+11,S22,109.0058784,629,87.28742594,1,111,84,0,912,0,115,0.569230769,0,0,0.100271003
136,5458.210602052747_sel38_S23.wav,2.10602E+11,S23,110.8433868,1907,77.99356213,1,88,382,0,729,0,0,0.187234043,0,NA,0.073394495
137,5458.210603052735_sel01_S1.wav,2.10603E+11,S1,130.6746778,2921,111.9980821,1,11,0,110,1,0,227,1,0.990990991,0,0.991803279
138,5458.210603052735_sel02_S13.wav,2.10603E+11,S13,106.9264192,206,77.69405768,1,87,395,0,716,0,0,0.180497925,0,NA,0.072621035
139,5458.210603052735_sel04_S2.wav,2.10603E+11,S2,114.2326332,94,95.87973477,1,75,0,43,480,0,617,1,0.082217973,0,0.197324415
140,5458.210603052735_sel07_S15.wav,2.10603E+11,S15,107.9157936,203,76.66938909,1,82,442,0,669,0,0,0.15648855,0,NA,0.068734283
141,5458.210603052735_sel07_S3.wav,2.10603E+11,S3,109.1728401,191,88.21770851,1,112,64,0,867,0,180,0.636363636,0,0,0.10738255
142,5458.210603052735_sel08_S4.wav,2.10603E+11,S4,118.0549523,3537,94.42161689,1,89,0,28,554,0,557,1,0.048109966,0,0.174366617
143,5458.210603052735_sel09_S5.wav,2.10603E+11,S5,110.3263406,188,83.38806952,1,104,184,0,927,0,0,0.361111111,0,NA,0.085596708
144,5458.210603052735_sel11_S6.wav,2.10603E+11,S6,109.0367101,180,90.3274689,1,114,26,0,766,0,319,0.814285714,0,0,0.125827815
145,5458.210603052735_sel12_S7.wav,2.10603E+11,S7,108.0560323,52,86.93538914,1,110,91,0,930,0,90,0.547263682,0,0,0.097259063
146,5458.210603052735_sel14_S8.wav,2.10603E+11,S8,109.0406924,184,92.66282608,1,108,0,8,651,0,460,1,0.012139605,0,0.151238592
147,5458.210603052735_sel16_S9.wav,2.10603E+11,S9,106.554101,290,77.71096234,1,87,394,0,717,0,0,0.180873181,0,NA,0.072621035
148,5458.210603052735_sel17_S10.wav,2.10603E+11,S10,106.5474556,214,73.55131375,1,64,601,0,510,0,0,0.096240602,0,NA,0.054468085
149,5458.210603052735_sel23_S12.wav,2.10603E+11,S12,111.9930426,156,94.06442734,1,92,0,25,573,0,538,1,0.04180602,0,0.169565217
150,5458.210604052722_sel01_S1.wav,2.10604E+11,S1,128.3835092,122,113.3930184,1,9,0,95,0,17,184,1,1,0.084577114,1
151,5458.210604052722_sel02_S17.wav,2.10604E+11,S17,108.8561265,257,86.6430509,1,110,98,0,944,0,69,0.528846154,0,0,0.095486111
152,5458.210604052722_sel02_S2.wav,2.10604E+11,S2,109.1463136,354,74.20662118,1,68,565,0,546,0,0,0.107424961,0,NA,0.057675997
153,5458.210604052722_sel05_S18.wav,2.10604E+11,S18,106.3168356,387,69.49548671,1,29,846,0,265,0,0,0.033142857,0,NA,0.025438596
154,5458.210604052722_sel05_S9.wav,2.10604E+11,S9,110.7577729,123,87.2735621,1,111,84,0,913,0,114,0.569230769,0,0,0.100180505
155,5458.210604052722_sel06_S3.wav,2.10604E+11,S3,118.1966958,323,104.0625994,1,28,0,92,164,0,409,1,0.359375,0,0.422535211
156,5458.210604052722_sel07_S10.wav,2.10604E+11,S10,111.9792717,133,86.0223619,1,109,113,0,974,0,24,0.490990991,0,0,0.091137124
157,5458.210604052722_sel08_S11.wav,2.10604E+11,S11,109.0472292,324,75.68594918,1,77,489,0,622,0,0,0.136042403,0,NA,0.064814815
158,5458.210604052722_sel10_S12.wav,2.10604E+11,S12,109.0731981,265,75.83357556,1,78,482,0,629,0,0,0.139285714,0,NA,0.065601346
159,5458.210604052722_sel11_S4.wav,2.10604E+11,S4,112.5644801,2387,98.02482442,1,59,0,60,380,0,564,1,0.136363636,0,0.238476954
160,5458.210604052722_sel12_S20.wav,2.10604E+11,S20,106.8445033,179,84.06266214,1,106,164,0,947,0,0,0.392592593,0,NA,0.087099425
161,5458.210604052722_sel13_S5.wav,2.10604E+11,S5,111.6566323,1879,83.43601574,1,104,182,0,929,0,0,0.363636364,0,NA,0.085596708
162,5458.210604052722_sel16_S22.wav,2.10604E+11,S22,108.1935777,184,90.63189062,1,114,21,0,752,0,338,0.844444444,0,0,0.128523112
163,5458.210604052722_sel18_S23.wav,2.10604E+11,S23,108.326058,132,83.48501109,1,104,181,0,930,0,0,0.364912281,0,NA,0.085596708
164,5458.210604052722_sel18_S6.wav,2.10604E+11,S6,108.885342,319,86.98037722,1,110,90,0,927,0,94,0.55,0,0,0.097604259
165,5458.210604052722_sel19_S24.wav,2.10604E+11,S24,107.9356356,65,87.4173874,1,111,81,0,906,0,124,0.578125,0,0,0.101092896
166,5458.210604052722_sel21_S24.wav,2.10604E+11,S24,108.0478261,184,90.80299212,1,115,19,0,743,0,349,0.858208955,0,0,0.131128848
167,5458.210604052722_sel23_S14.wav,2.10604E+11,S14,109.7810718,297,88.27914748,1,112,63,0,864,0,184,0.64,0,0,0.107795958
168,5458.210604052722_sel25_S7.wav,2.10604E+11,S7,108.9909258,138,80.49655091,1,97,281,0,830,0,0,0.256613757,0,NA,0.080298013
169,5458.210604052722_sel27_S16.wav,2.10604E+11,S16,106.682585,127,76.01528416,1,79,473,0,638,0,0,0.143115942,0,NA,0.066386555
170,5458.210604052722_sel30_S15.wav,2.10604E+11,S15,119.3058449,1892,104.325884,1,27,0,93,157,0,402,1,0.372,0,0.433212996
171,5458.210604052722_sel32_S16.wav,2.10604E+11,S16,108.9222172,286,94.16656703,1,91,0,26,568,0,543,1,0.043771044,0,0.17080292
172,5458.210604052722_sel33_S8.wav,2.10604E+11,S8,115.2735369,324,98.36388019,1,56,0,63,366,0,555,1,0.146853147,0,0.245360825
173,5458.210605052709_sel01_S1.wav,2.10605E+11,S1,116.4037021,249,109.3714429,1,15,0,106,43,0,281,1,0.711409396,0,0.737804878
174,5458.210605052709_sel03_S9.wav,2.10605E+11,S9,107.1934072,190,84.46904655,1,106,153,0,958,0,0,0.409266409,0,NA,0.087099425
175,5458.210605052709_sel06_S10.wav,2.10605E+11,S10,106.6386168,353,68.39487552,1,17,919,0,192,0,0,0.018162393,0,NA,0.015070922
176,5458.210605052709_sel06_S2.wav,2.10605E+11,S2,108.8513378,2914,81.9095797,1,101,231,0,880,0,0,0.304216867,0,NA,0.083333333
177,5458.210605052709_sel08_S3.wav,2.10605E+11,S3,114.5583799,446,86.11126316,1,109,110,0,970,0,31,0.497716895,0,0,0.091673675
178,5458.210605052709_sel10_S4.wav,2.10605E+11,S4,116.4805875,1507,103.6347934,1,30,0,90,177,0,419,1,0.337078652,0,0.404040404
179,5458.210605052709_sel12_S5.wav,2.10605E+11,S5,123.9189956,245,103.971166,1,28,0,92,167,0,411,1,0.355212355,0,0.418118467
180,5458.210605052709_sel13_S6.wav,2.10605E+11,S6,109.2464153,225,89.53191415,1,113,40,0,803,0,268,0.738562092,0,0,0.118200837
181,5458.210605052709_sel14_S7.wav,2.10605E+11,S7,112.8296006,111,89.14476551,1,113,47,0,822,0,242,0.70625,0,0,0.115071283
182,5458.210605052709_sel18_S8.wav,2.10605E+11,S8,113.0425584,4384,82.00967199,1,101,228,0,883,0,0,0.306990881,0,NA,0.083333333
183,5458.210606052659_sel02_S1.wav,2.10606E+11,S1,113.7325148,115,99.80840093,1,47,0,72,307,0,518,1,0.189973615,0,0.279342723
184,5458.210606052659_sel05_S2.wav,2.10606E+11,S2,109.4794445,1214,73.65902828,1,65,595,0,516,0,0,0.098484848,0,NA,0.055272109
185,5458.210606052659_sel05_S6.wav,2.10606E+11,S6,106.659275,4234,81.09979845,1,98,259,0,852,0,0,0.274509804,0,NA,0.081058726
186,5458.210606052659_sel07_S3.wav,2.10606E+11,S3,122.8116437,234,110.1489949,1,13,0,108,29,0,265,1,0.788321168,0,0.806666667
187,5458.210607052649_sel01_S1.wav,2.10607E+11,S1,108.1325117,131,85.68162041,1,108,121,0,990,0,0,0.471615721,0,NA,0.088597211
188,5458.210607052649_sel03_S3.wav,2.10607E+11,S3,109.5763136,1556,77.85874904,1,87,388,0,723,0,0,0.183157895,0,NA,0.072621035
189,5458.210609052632_sel04_S1.wav,2.10609E+11,S1,109.2389735,694,76.54317957,1,81,448,0,663,0,0,0.153119093,0,NA,0.06795302
190,5458.210610052622_sel08_S2.wav,2.1061E+11,S2,109.8298909,4942,79.88741957,1,95,304,0,807,0,0,0.238095238,0,NA,0.078772803
191,5458.210610052622_sel10_S3.wav,2.1061E+11,S3,109.0064822,320,79.39969019,1,93,323,0,788,0,0,0.223557692,0,NA,0.077242525
192,5458.210610052622_sel12_S4.wav,2.1061E+11,S4,107.6532248,233,81.29836297,1,99,252,0,859,0,0,0.282051282,0,NA,0.081818182
193,5458.210610052622_sel16_S5.wav,2.1061E+11,S5,107.73536,125,85.20905278,1,108,133,0,978,0,0,0.44813278,0,NA,0.088597211
194,5458.210610052622_sel18_S6.wav,2.1061E+11,S6,105.4513929,332,68.83193548,1,22,890,0,221,0,0,0.024122807,0,NA,0.019417476
195,5458.210610052622_sel21_S7.wav,2.1061E+11,S7,108.7959977,177,96.0034298,1,74,0,44,474,0,614,1,0.084942085,0,0.199324324
196,5458.210610052622_sel23_S8.wav,2.1061E+11,S8,111.1258689,5664,81.01424966,1,98,262,0,849,0,0,0.272222222,0,NA,0.081058726
197,5458.210611052613_sel02_S11.wav,2.10611E+11,S11,108.3771974,2379,75.32732239,1,75,507,0,604,0,0,0.128865979,0,NA,0.063237774
198,5458.210611052613_sel04_S12.wav,2.10611E+11,S12,109.4960546,829,78.73015471,1,91,350,0,761,0,0,0.206349206,0,NA,0.075707155
199,5458.210611052613_sel07_S2.wav,2.10611E+11,S2,108.7479943,3385,77.56454061,1,86,401,0,710,0,0,0.176591376,0,NA,0.071846282
200,5458.210611052613_sel09_S3.wav,2.10611E+11,S3,114.1229635,824,90.23017901,1,114,28,0,770,0,313,0.802816901,0,0,0.125
201,5458.210611052613_sel10_S4.wav,2.10611E+11,S4,116.8619062,1110,89.96424544,1,114,32,0,783,0,296,0.780821918,0,0,0.122712594
202,5458.210611052613_sel16_S7.wav,2.10611E+11,S7,121.8129951,159,103.2423258,1,31,0,89,188,0,430,1,0.321299639,0,0.38961039
203,5458.210611052613_sel17_S8.wav,2.10611E+11,S8,109.2949059,133,88.36568546,1,112,61,0,860,0,190,0.647398844,0,0,0.108422072
204,5458.210611052613_sel18_S9.wav,2.10611E+11,S9,106.8504822,2219,80.06371739,1,95,297,0,814,0,0,0.242346939,0,NA,0.078772803
205,5458.210611052613_sel19_S10.wav,2.10611E+11,S10,131.1482715,188,106.1439089,1,22,0,99,110,0,357,1,0.473684211,0,0.523809524
206,5458.210611052613_sel21_S13.wav,2.10611E+11,S13,112.3818503,240,99.01166165,1,52,0,67,339,0,539,1,0.165024631,0,0.259825328
207,5458.210611052613_sel22_S14.wav,2.10611E+11,S14,110.4097824,133,80.30185447,1,96,288,0,823,0,0,0.25,0,NA,0.07953604
208,5458.210611052613_sel25_S16.wav,2.10611E+11,S16,109.5188237,3883,77.16833495,1,84,419,0,692,0,0,0.166998012,0,NA,0.070292887
209,5458.210611052613_sel27_S17.wav,2.10611E+11,S17,109.3045996,206,90.0283162,1,114,31,0,780,0,300,0.786206897,0,0,0.123243243
210,5458.210611052613_sel28_S18.wav,2.10611E+11,S18,109.6228626,143,83.31630586,1,104,186,0,925,0,0,0.35862069,0,NA,0.085596708
211,5458.210611052613_sel30_S19.wav,2.10611E+11,S19,119.7571514,167,109.4214678,1,15,0,106,42,0,280,1,0.716216216,0,0.742331288
212,5458.210611052613_sel31_S20.wav,2.10611E+11,S20,107.9558328,172,87.74702504,1,111,74,0,890,0,147,0.6,0,0,0.103255814
213,5458.210611052613_sel33_S21.wav,2.10611E+11,S21,105.6248063,1260,71.00913275,1,44,750,0,361,0,0,0.055415617,0,NA,0.038095238
214,5458.210611052613_sel36_S22.wav,2.10611E+11,S22,118.7671725,148,103.5658257,1,30,0,90,179,0,421,1,0.334572491,0,0.401337793
215,5458.210611052613_sel37_S23.wav,2.10611E+11,S23,106.2319813,273,73.57224735,1,64,600,0,511,0,0,0.096385542,0,NA,0.054468085
216,5458.210611052613_sel40_S24.wav,2.10611E+11,S24,105.6414308,266,81.43072564,1,99,247,0,864,0,0,0.286127168,0,NA,0.081818182
217,5458.210611052613_sel41_S25.wav,2.10611E+11,S25,114.490183,1881,85.90375201,1,109,116,0,979,0,16,0.484444444,0,0,0.090531561
218,5458.210611052613_sel42_S26.wav,2.10611E+11,S26,105.585472,3896,78.896654,1,91,343,0,768,0,0,0.209677419,0,NA,0.075707155
219,5458.210611052613_sel45_S27.wav,2.10611E+11,S27,124.4678547,2204,100.4114646,1,43,0,76,284,0,503,1,0.211111111,0,0.29528536
220,5458.210611052613_sel46_S28.wav,2.10611E+11,S28,124.8540982,118,107.8214459,1,18,0,103,72,0,317,1,0.588571429,0,0.626943005
221,5458.210611052613_sel48_S29.wav,2.10611E+11,S29,113.2438429,1048,84.34714962,1,106,156,0,955,0,0,0.404580153,0,NA,0.087099425
222,5458.210611052613_sel52_S30.wav,2.10611E+11,S30,109.9963565,2413,79.46891482,1,93,320,0,791,0,0,0.225181598,0,NA,0.077242525
223,5458.210611052613_sel56_S31.wav,2.10611E+11,S31,106.7138301,1628,72.7000788,1,58,649,0,462,0,0,0.082036775,0,NA,0.049615056
224,5458.210612052602_sel01_S2.wav,2.10612E+11,S2,113.9233634,180,85.33025839,1,108,130,0,981,0,0,0.453781513,0,NA,0.088597211
225,5458.210612052602_sel02_S3.wav,2.10612E+11,S3,111.5217113,4007,88.75006039,1,113,54,0,841,0,216,0.676646707,0,0,0.112103175
226,5458.210612052602_sel03_S4.wav,2.10612E+11,S4,117.81423,174,98.64987205,1,54,0,65,354,0,548,1,0.155131265,0,0.251585624
227,5458.210612052602_sel04_S5.wav,2.10612E+11,S5,113.3722823,127,87.63856281,1,111,76,0,895,0,140,0.593582888,0,0,0.1025878
228,5458.210612052602_sel08_S6.wav,2.10612E+11,S6,109.0465504,310,85.59526033,1,108,123,0,988,0,0,0.467532468,0,NA,0.088597211
229,5458.210612052602_sel09_S7.wav,2.10612E+11,S7,110.7082759,157,89.53364178,1,113,40,0,803,0,268,0.738562092,0,0,0.118200837
230,5458.210612052602_sel13_S8.wav,2.10612E+11,S8,108.402085,168,85.1798359,1,108,134,0,977,0,0,0.446280992,0,NA,0.088597211
231,5458.210612052602_sel16_S9.wav,2.10612E+11,S9,116.1057316,174,108.390501,1,17,0,104,61,0,304,1,0.63030303,0,0.664835165
232,5458.210612052602_sel19_S10.wav,2.10612E+11,S10,112.8970531,202,98.87764621,1,53,0,66,344,0,543,1,0.16097561,0,0.257019438
233,5458.210612052602_sel20_S11.wav,2.10612E+11,S11,126.8405183,193,110.815078,1,12,0,109,18,0,251,1,0.858267717,0,0.870503597
234,5458.210612052602_sel21_S12.wav,2.10612E+11,S12,120.5545001,179,113.911908,1,8,0,90,0,23,169,1,1,0.119791667,1
235,5458.210612052602_sel22_S31.wav,2.10612E+11,S31,124.4276303,192,111.7899908,1,11,0,110,4,0,231,1,0.964912281,0,0.968
236,5458.210612052602_sel25_S1.wav,2.10612E+11,S1,108.6394179,3780,82.72900177,1,103,204,0,907,0,0,0.335504886,0,NA,0.084843493
237,5458.210612052602_sel26_S13.wav,2.10612E+11,S13,109.0186134,148,93.12818041,1,102,0,14,625,0,486,1,0.021909233,0,0.156545209
238,5458.210612052602_sel29_S14.wav,2.10612E+11,S14,106.8212914,2783,82.63035653,1,102,207,0,904,0,0,0.330097087,0,NA,0.084089035
239,5458.210612052602_sel30_S15.wav,2.10612E+11,S15,114.5776514,140,95.31391815,1,80,0,38,508,0,603,1,0.06959707,0,0.188498403
240,5458.210612052602_sel31_S16.wav,2.10612E+11,S16,107.0280385,283,77.21452963,1,85,416,0,695,0,0,0.169660679,0,NA,0.071070234
241,5458.210612052602_sel33_S17.wav,2.10612E+11,S17,108.2096886,1296,78.6038991,1,90,356,0,755,0,0,0.201793722,0,NA,0.074937552
242,5458.210612052602_sel36_S18.wav,2.10612E+11,S18,109.2167529,4540,87.99642583,1,112,69,0,877,0,165,0.61878453,0,0,0.105860113
243,5458.210612052602_sel37_S19.wav,2.10612E+11,S19,111.1353796,161,85.1953469,1,108,133,0,978,0,0,0.44813278,0,NA,0.088597211
244,5458.210612052602_sel41_S20.wav,2.10612E+11,S20,107.5071193,3411,84.74286882,1,107,145,0,966,0,0,0.424603175,0,NA,0.087848933
245,5458.210612052602_sel43_S21.wav,2.10612E+11,S21,109.7573603,3794,80.92120696,1,98,265,0,846,0,0,0.269972452,0,NA,0.081058726
246,5458.210612052602_sel44_S22.wav,2.10612E+11,S22,111.0188974,6466,87.43083394,1,111,81,0,905,0,125,0.578125,0,0,0.10118505
247,5458.210612052602_sel47_S23.wav,2.10612E+11,S23,114.6212422,4096,93.41896883,1,100,0,17,608,0,503,1,0.0272,0,0.16137931
248,5458.210613052550_sel01_S2.wav,2.10613E+11,S2,122.4671354,119,112.7458097,1,10,0,102,0,9,204,1,1,0.042253521,1
249,5458.210613052550_sel03_S3.wav,2.10613E+11,S3,118.6649396,259,95.6507062,1,77,0,41,491,0,620,1,0.077067669,0,0.193760263
250,5458.210613052550_sel07_S4.wav,2.10613E+11,S4,109.10604,251,85.9495031,1,109,114,0,978,0,19,0.488789238,0,0,0.090757702
251,5458.210613052550_sel08_S5.wav,2.10613E+11,S5,109.6104709,2082,80.41354108,1,96,284,0,827,0,0,0.252631579,0,NA,0.07953604
252,5458.210613052550_sel12_S1.wav,2.10613E+11,S1,124.7253303,143,113.3946369,1,9,0,95,0,17,184,1,1,0.084577114,1
253,5458.210615052531_sel02_S1.wav,2.10615E+11,S1,112.1213693,296,82.96805249,1,103,197,0,914,0,0,0.343333333,0,NA,0.084843493
254,5458.210615052531_sel04_S7.wav,2.10615E+11,S7,106.2577044,189,74.81136794,1,72,534,0,577,0,0,0.118811881,0,NA,0.060862215
255,5458.210615052531_sel05_S8.wav,2.10615E+11,S8,104.6318795,163,78.73772364,1,91,350,0,761,0,0,0.206349206,0,NA,0.075707155
256,5458.210615052531_sel06_S2.wav,2.10615E+11,S2,110.4260634,226,89.70143327,1,114,37,0,795,0,279,0.754966887,0,0,0.1205074
257,5458.210615052531_sel07_S3.wav,2.10615E+11,S3,130.2335132,114,112.0049424,1,11,0,110,1,0,227,1,0.990990991,0,0.991803279
258,5458.210615052531_sel08_S4.wav,2.10615E+11,S4,112.3744986,97,94.74281519,1,85,0,32,537,0,574,1,0.056239016,0,0.178899083
259,5458.210615052531_sel09_S5.wav,2.10615E+11,S5,118.6043591,75,103.9409661,1,28,0,92,168,0,412,1,0.353846154,0,0.416666667
260,5458.210616052522_sel01_S1.wav,2.10616E+11,S1,133.5530282,73,118.0618619,1,5,0,55,0,61,67,1,1,0.4765625,1
261,5458.210616052522_sel01_S11.wav,2.10616E+11,S11,111.5756725,3739,85.71400008,1,108,120,0,989,0,2,0.473684211,0,0,0.08874281
262,5458.210616052522_sel04_S2.wav,2.10616E+11,S2,111.2746245,3477,85.47135783,1,108,126,0,985,0,0,0.461538462,0,NA,0.088597211
263,5458.210616052522_sel05_S12.wav,2.10616E+11,S12,106.9632506,200,82.50766798,1,102,211,0,900,0,0,0.325878594,0,NA,0.084089035
264,5458.210616052522_sel08_S3.wav,2.10616E+11,S3,108.0867428,169,95.37776237,1,80,0,38,505,0,606,1,0.069981584,0,0.1894061
265,5458.210616052522_sel10_S5.wav,2.10616E+11,S5,110.5493527,143,97.43281471,1,63,0,56,407,0,579,1,0.120950324,0,0.226235741
266,5458.210616052522_sel13_S6.wav,2.10616E+11,S6,109.3579295,2611,74.64660286,1,71,542,0,569,0,0,0.115823817,0,NA,0.060067682
267,5458.210616052522_sel19_S7.wav,2.10616E+11,S7,111.0645516,134,98.01743371,1,59,0,60,381,0,564,1,0.136054422,0,0.238
268,5458.210616052522_sel24_S9.wav,2.10616E+11,S9,104.8900503,155,77.92283836,1,88,385,0,726,0,0,0.186046512,0,NA,0.073394495
269,5458.210616052522_sel30_S10.wav,2.10616E+11,S10,105.3103747,435,76.07709869,1,79,470,0,641,0,0,0.143897996,0,NA,0.066386555
270,5458.210617052511_sel01_S1.wav,2.10617E+11,S1,109.8057197,208,86.0585754,1,109,112,0,972,0,27,0.49321267,0,0,0.091366303
271,5458.210617052511_sel01_S8.wav,2.10617E+11,S8,110.3177677,3453,81.55985533,1,100,243,0,868,0,0,0.29154519,0,NA,0.082576383
272,5458.210617052511_sel04_S2.wav,2.10617E+11,S2,121.3885414,187,103.3494272,1,31,0,89,185,0,427,1,0.324817518,0,0.393442623
273,5458.210617052511_sel05_S3.wav,2.10617E+11,S3,124.095663,64,112.2133087,1,10,0,109,0,2,221,1,1,0.00896861,1
274,5458.210617052511_sel09_S4.wav,2.10617E+11,S4,106.9843991,333,80.50487275,1,97,281,0,830,0,0,0.256613757,0,NA,0.080298013
275,5458.210617052511_sel10_S5.wav,2.10617E+11,S5,106.2419302,263,76.02369795,1,79,473,0,638,0,0,0.143115942,0,NA,0.066386555
276,5458.210618052500_sel03_S1.wav,2.10618E+11,S1,105.7281066,2672,72.47148493,1,56,662,0,449,0,0,0.077994429,0,NA,0.04798629
277,5458.210618052500_sel05_S10.wav,2.10618E+11,S10,109.2071419,302,78.15915877,1,89,375,0,736,0,0,0.191810345,0,NA,0.074166667
278,5458.210618052500_sel06_S2.wav,2.10618E+11,S2,112.7968882,138,88.72680838,1,113,54,0,843,0,214,0.676646707,0,0,0.111881188
279,5458.210618052500_sel08_S4.wav,2.10618E+11,S4,111.0189341,166,79.69800538,1,94,311,0,800,0,0,0.232098765,0,NA,0.078008299
280,5458.210618052500_sel09_S12.wav,2.10618E+11,S12,106.2498526,186,75.66683715,1,77,490,0,621,0,0,0.135802469,0,NA,0.064814815
281,5458.210618052500_sel11_S5.wav,2.10618E+11,S5,110.351025,159,93.73030358,1,96,0,21,591,0,520,1,0.034313725,0,0.165254237
282,5458.210618052500_sel14_S6.wav,2.10618E+11,S6,106.327785,77,85.0246304,1,107,138,0,973,0,0,0.436734694,0,NA,0.087848933
283,5458.210618052500_sel16_S7.wav,2.10618E+11,S7,105.8004675,2431,79.13048546,1,92,334,0,777,0,0,0.215962441,0,NA,0.076475478
284,5458.210619052451_sel03_S1.wav,2.10619E+11,S1,105.9716652,2434,77.11202278,1,84,421,0,690,0,0,0.166336634,0,NA,0.070292887
285,5458.210619052451_sel06_S2.wav,2.10619E+11,S2,107.996253,123,89.70360914,1,114,37,0,795,0,279,0.754966887,0,0,0.1205074
286,5458.210622052422_sel01_S1.wav,2.10622E+11,S1,107.4861267,720,76.10763762,1,79,468,0,643,0,0,0.144424132,0,NA,0.066386555
287,5458.210622052422_sel07_S2.wav,2.10622E+11,S2,105.9580886,186,83.22459651,1,104,189,0,922,0,0,0.354948805,0,NA,0.085596708
288,5458.210623052412_sel01_S1.wav,2.10623E+11,S1,108.9085556,188,82.88888841,1,103,199,0,912,0,0,0.341059603,0,NA,0.084843493
289,5458.210623052412_sel04_S3.wav,2.10623E+11,S3,109.7474613,2398,76.12460372,1,79,468,0,643,0,0,0.144424132,0,NA,0.066386555
290,5458.210623052412_sel08_S8.wav,2.10623E+11,S8,108.0580045,172,88.73951123,1,113,54,0,842,0,215,0.676646707,0,0,0.111992071
291,5458.210623052412_sel09_S5.wav,2.10623E+11,S5,108.2093772,170,88.4146097,1,112,60,0,858,0,193,0.651162791,0,0,0.108737864
292,5458.210623052412_sel10_S7.wav,2.10623E+11,S7,126.5479319,142,106.5961508,1,21,0,100,99,0,346,1,0.502512563,0,0.55
293,5458.210623052412_sel11_S13.wav,2.10623E+11,S13,126.8726301,165,119.4688466,1,4,0,47,0,70,41,1,1,0.630630631,1
294,5458.210623052412_sel12_S15.wav,2.10623E+11,S15,115.4812944,147,100.8887004,1,42,0,78,266,0,491,1,0.226744186,0,0.310880829
295,5458.210623052412_sel13_S6.wav,2.10623E+11,S6,106.5448929,909,74.33575672,1,69,559,0,552,0,0,0.109872611,0,NA,0.058474576
296,5458.210623052412_sel14_S8.wav,2.10623E+11,S8,107.2698356,149,83.94185079,1,105,168,0,943,0,0,0.384615385,0,NA,0.086348684
297,5458.210623052412_sel16_S9.wav,2.10623E+11,S9,107.0202152,3004,81.24304878,1,99,254,0,857,0,0,0.280453258,0,NA,0.081818182
298,5458.210623052412_sel17_S10.wav,2.10623E+11,S10,113.8113427,416,96.52905488,1,69,0,49,448,0,602,1,0.098591549,0,0.208480565
299,5458.210623052412_sel19_S12.wav,2.10623E+11,S12,109.07158,1532,80.17281539,1,96,293,0,818,0,0,0.246786632,0,NA,0.07953604
300,5458.210623052412_sel20_S14.wav,2.10623E+11,S14,105.5797718,2473,76.05085656,1,79,471,0,640,0,0,0.143636364,0,NA,0.066386555
301,5458.210623052412_sel21_S16.wav,2.10623E+11,S16,107.3281171,406,82.09462064,1,101,225,0,886,0,0,0.309815951,0,NA,0.083333333
302,5458.210623052412_sel23_S17.wav,2.10623E+11,S17,110.8232006,164,95.4103085,1,79,0,39,503,0,608,1,0.07195572,0,0.190016103
303,5458.210624052403_sel01_S1.wav,2.10624E+11,S1,115.3860288,117,87.84237545,1,111,72,0,885,0,154,0.606557377,0,0,0.103932584
304,5458.210624052403_sel02_S2.wav,2.10624E+11,S2,137.1667724,1041,115.1935349,1,7,0,78,0,36,133,1,1,0.213017751,1
305,5458.210624052403_sel03_S3.wav,2.10624E+11,S3,114.2818568,121,97.44467339,1,63,0,56,406,0,579,1,0.121212121,0,0.226666667
306,5458.210624052403_sel07_S4.wav,2.10624E+11,S4,108.4900182,4289,72.08722569,1,53,685,0,426,0,0,0.071815718,0,NA,0.045532646
307,5458.210624052403_sel08_S6.wav,2.10624E+11,S6,110.9610716,187,86.91537769,1,110,92,0,930,0,89,0.544554455,0,0,0.097173145
308,5458.210624052403_sel11_S7.wav,2.10624E+11,S7,110.0585529,114,85.71190718,1,108,120,0,989,0,2,0.473684211,0,0,0.08874281
309,5458.210624052403_sel14_S8.wav,2.10624E+11,S8,107.0633331,105,79.6855281,1,94,312,0,799,0,0,0.231527094,0,NA,0.078008299
310,5458.210624052403_sel16_S9.wav,2.10624E+11,S9,128.6870258,119,114.0339569,1,8,0,89,0,24,165,1,1,0.126984127,1
311,5458.210624052403_sel18_S10.wav,2.10624E+11,S10,111.7228346,249,100.4687252,1,43,0,76,282,0,501,1,0.212290503,0,0.296758105
312,5458.210624052403_sel19_S11.wav,2.10624E+11,S11,105.459895,592,76.26213905,1,80,461,0,650,0,0,0.147874307,0,NA,0.067170445
313,5458.210624052403_sel21_S12.wav,2.10624E+11,S12,106.7765839,171,83.55130097,1,104,179,0,932,0,0,0.367491166,0,NA,0.085596708
314,5458.210624052403_sel22_S13.wav,2.10624E+11,S13,113.822927,876,89.55013654,1,113,39,0,803,0,269,0.743421053,0,0,0.118324607
315,5458.210624052403_sel23_S14.wav,2.10624E+11,S14,108.6533314,141,76.34705769,1,80,457,0,654,0,0,0.148975791,0,NA,0.067170445
316,5458.210624052403_sel25_S15.wav,2.10624E+11,S15,106.9924486,158,86.23286248,1,109,108,0,963,0,40,0.502304147,0,0,0.092372881
317,5458.210624052403_sel27_S16.wav,2.10624E+11,S16,130.1436366,1838,105.8979309,1,23,0,98,116,0,363,1,0.457943925,0,0.510548523
318,5458.210624052403_sel32_S18.wav,2.10624E+11,S18,117.9928175,137,105.879044,1,23,0,98,116,0,364,1,0.457943925,0,0.510548523
319,5458.210624052403_sel34_S19.wav,2.10624E+11,S19,110.500098,2586,83.44085521,1,104,182,0,929,0,0,0.363636364,0,NA,0.085596708
320,5458.210624052403_sel38_S21.wav,2.10624E+11,S21,121.63685,482,99.56576205,1,48,0,71,316,0,525,1,0.183462532,0,0.273563218
321,5458.210625052352_sel01_S1.wav,2.10625E+11,S1,114.2770458,151,88.06038309,1,112,67,0,875,0,169,0.625698324,0,0,0.10626186
322,5458.210625052352_sel03_S2.wav,2.10625E+11,S2,108.1711786,2009,78.95561751,1,92,341,0,770,0,0,0.212471132,0,NA,0.076475478
323,5458.210625052352_sel07_S3.wav,2.10625E+11,S3,107.6122131,1348,78.44781019,1,90,362,0,749,0,0,0.199115044,0,NA,0.074937552
324,5458.210625052352_sel12_S4.wav,2.10625E+11,S4,134.9341572,1140,114.4114666,1,8,0,85,0,28,154,1,1,0.153846154,1
325,5458.210625052352_sel18_S6.wav,2.10625E+11,S6,106.6867485,1802,75.22088875,1,75,513,0,598,0,0,0.12755102,0,NA,0.063237774
326,5458.210625052352_sel23_S7.wav,2.10625E+11,S7,106.0506331,6505,77.52991196,1,86,402,0,709,0,0,0.176229508,0,NA,0.071846282
327,5458.210625052352_sel26_S8.wav,2.10625E+11,S8,107.7140765,372,71.64215919,1,50,711,0,400,0,0,0.065703022,0,NA,0.043066322
328,5458.210625052352_sel28_S9.wav,2.10625E+11,S9,108.3845298,178,88.79503577,1,113,53,0,839,0,219,0.680722892,0,0,0.112437811
329,5458.210625052352_sel30_S10.wav,2.10625E+11,S10,104.7609359,1325,78.93325583,1,91,342,0,769,0,0,0.210161663,0,NA,0.075707155
330,5458.210625052352_sel32_S11.wav,2.10625E+11,S11,105.1093595,1051,74.31146739,1,69,560,0,551,0,0,0.109697933,0,NA,0.058474576
331,5458.210625052352_sel35_S12.wav,2.10625E+11,S12,106.0147524,2944,75.87339698,1,78,480,0,631,0,0,0.139784946,0,NA,0.065601346
332,5458.210625052352_sel37_S13.wav,2.10625E+11,S13,108.4353969,3610,81.94586744,1,101,230,0,881,0,0,0.305135952,0,NA,0.083333333
333,5458.210626052343_sel01_S5.wav,2.10626E+11,S5,105.8362022,281,74.62190089,1,71,543,0,568,0,0,0.115635179,0,NA,0.060067682
334,5458.210626052343_sel04_S6.wav,2.10626E+11,S6,104.4199559,1325,85.07466468,1,107,137,0,974,0,0,0.43852459,0,NA,0.087848933
335,5458.210626052343_sel06_S2.wav,2.10626E+11,S2,109.0825118,1409,79.56203983,1,94,317,0,794,0,0,0.228710462,0,NA,0.078008299
336,5458.210629052315_sel05_S2.wav,2.10629E+11,S2,108.1194059,369,77.29007444,1,85,413,0,698,0,0,0.170682731,0,NA,0.071070234
337,5458.210629052315_sel08_S3.wav,2.10629E+11,S3,107.5136996,365,74.19134523,1,68,566,0,545,0,0,0.107255521,0,NA,0.057675997
338,5458.210629052315_sel20_S6.wav,2.10629E+11,S6,104.9891919,1191,69.37749624,1,28,853,0,258,0,0,0.031782066,0,NA,0.024582968
339,5458.210630052306_sel02_S1.wav,2.1063E+11,S1,106.7203908,172,88.99627189,1,113,49,0,830,0,232,0.697530864,0,0,0.11391129
340,5458.210630052306_sel04_S4.wav,2.1063E+11,S4,105.0006103,672,72.76867522,1,59,645,0,466,0,0,0.083806818,0,NA,0.05042735
341,5458.210630052306_sel05_S5.wav,2.1063E+11,S5,109.6844557,176,84.38559215,1,106,155,0,956,0,0,0.406130268,0,NA,0.087099425
342,5458.210701052258_sel02_S1.wav,2.10701E+11,S1,109.9707543,1398,81.07414717,1,98,260,0,851,0,0,0.273743017,0,NA,0.081058726
343,5458.210701052258_sel04_S4.wav,2.10701E+11,S4,104.9048639,2425,73.29473167,1,62,615,0,496,0,0,0.091580502,0,NA,0.052855925
344,5458.210701052258_sel05_S2.wav,2.10701E+11,S2,109.383475,2059,84.00970973,1,105,166,0,945,0,0,0.387453875,0,NA,0.086348684
345,5458.210701052258_sel05_S5.wav,2.10701E+11,S5,106.2631749,552,77.84049144,1,87,388,0,723,0,0,0.183157895,0,NA,0.072621035
346,5458.210702052248_sel01_S1.wav,2.10702E+11,S1,111.5461643,152,101.4203089,1,39,0,81,248,0,476,1,0.246200608,0,0.326086957
347,5458.210702052248_sel03_S10.wav,2.10702E+11,S10,107.7152237,2315,78.29226185,1,89,369,0,742,0,0,0.194323144,0,NA,0.074166667
348,5458.210702052248_sel05_S11.wav,2.10702E+11,S11,108.6922452,328,81.90667009,1,101,231,0,880,0,0,0.304216867,0,NA,0.083333333
349,5458.210702052248_sel05_S2.wav,2.10702E+11,S2,114.6675888,251,85.98308055,1,109,114,0,976,0,21,0.488789238,0,0,0.090909091
350,5458.210702052248_sel07_S12.wav,2.10702E+11,S12,108.8034247,196,84.5281282,1,106,151,0,960,0,0,0.412451362,0,NA,0.087099425
351,5458.210702052248_sel07_S3.wav,2.10702E+11,S3,109.6177579,139,81.83975446,1,100,233,0,878,0,0,0.3003003,0,NA,0.082576383
352,5458.210702052248_sel10_S4.wav,2.10702E+11,S4,111.8893432,138,98.19001621,1,57,0,62,373,0,560,1,0.142528736,0,0.241869919
353,5458.210702052248_sel11_S5.wav,2.10702E+11,S5,111.9474249,63,106.904591,1,20,0,101,92,0,339,1,0.523316062,0,0.568075117
354,5458.210702052248_sel13_S14.wav,2.10702E+11,S14,106.6260475,325,79.71927042,1,94,310,0,801,0,0,0.232673267,0,NA,0.078008299
355,5458.210702052248_sel15_S15.wav,2.10702E+11,S15,108.8523419,3107,72.42293034,1,56,665,0,446,0,0,0.077669903,0,NA,0.04798629
356,5458.210702052248_sel18_S16.wav,2.10702E+11,S16,106.7168674,6448,77.55880985,1,86,401,0,710,0,0,0.176591376,0,NA,0.071846282
357,5458.210702052248_sel18_S6.wav,2.10702E+11,S6,107.8283708,163,93.69941702,1,97,0,20,593,0,518,1,0.032626427,0,0.164788732
358,5458.210702052248_sel22_S7.wav,2.10702E+11,S7,105.5055596,61,76.75661433,1,82,438,0,673,0,0,0.157692308,0,NA,0.068734283
359,5458.210702052248_sel28_S8.wav,2.10702E+11,S8,105.1662684,325,76.38299818,1,81,455,0,656,0,0,0.151119403,0,NA,0.06795302
360,5458.210703052238_sel02_S1.wav,2.10703E+11,S1,105.0443606,1652,74.04537617,1,67,574,0,537,0,0,0.104524181,0,NA,0.056876061
361,5458.210703052238_sel03_S2.wav,2.10703E+11,S2,105.2527378,3525,70.77038952,1,42,764,0,347,0,0,0.052109181,0,NA,0.036426713
362,5458.210703052238_sel06_S3.wav,2.10703E+11,S3,107.9469988,1263,73.46738683,1,64,606,0,505,0,0,0.095522388,0,NA,0.054468085
363,5458.210703052238_sel09_S4.wav,2.10703E+11,S4,107.753112,4080,79.82121379,1,95,306,0,805,0,0,0.236907731,0,NA,0.078772803
364,5458.210709052138_sel01_S1.wav,2.10709E+11,S1,117.6908639,2193,101.66745,1,38,0,82,239,0,471,1,0.255451713,0,0.334261838
365,5458.210709052138_sel05_S2.wav,2.10709E+11,S2,107.1858401,84,86.29726679,1,109,106,0,961,0,44,0.506976744,0,0,0.092687075
366,5458.210710052128_sel01_S1.wav,2.1071E+11,S1,111.3190517,2163,90.20182332,1,114,28,0,772,0,311,0.802816901,0,0,0.124726477
367,5458.210710052128_sel06_S2.wav,2.1071E+11,S2,108.8041368,234,78.55797662,1,90,358,0,753,0,0,0.200892857,0,NA,0.074937552
368,5458.210710052128_sel11_S3.wav,2.1071E+11,S3,135.6675637,143,127.4000968,1,2,0,18,0,46,0,1,1,1,1
369,5458.210710052128_sel15_S4.wav,2.1071E+11,S4,113.3201805,142,91.391482,1,115,10,0,716,0,385,0.92,0,0,0.136741974
370,5458.210716002055_sel01_S1.wav,2.10716E+11,S1,110.1564083,221,92.21822688,1,114,0,2,677,0,434,1,0.002945508,0,0.14627995
371,5458.210716002055_sel05_S2.wav,2.10716E+11,S2,108.9493365,206,86.44627314,1,110,103,0,953,0,55,0.516431925,0,0,0.094339623
372,5458.210716002055_sel08_S4.wav,2.10716E+11,S4,112.560768,214,88.1777846,1,112,65,0,869,0,177,0.632768362,0,0,0.10707457
373,5458.210717002046_sel01_S16.wav,2.10717E+11,S16,105.6793167,257,82.68165455,1,103,206,0,905,0,0,0.333333333,0,NA,0.084843493
374,5458.210717002046_sel02_S1.wav,2.10717E+11,S1,117.3957016,147,93.75091587,1,96,0,21,590,0,521,1,0.034369885,0,0.165487977
375,5458.210717002046_sel03_S10.wav,2.10717E+11,S10,120.5682745,120,111.1415667,1,12,0,109,13,0,244,1,0.893442623,0,0.902985075
376,5458.210717002046_sel03_S17.wav,2.10717E+11,S17,105.6596228,426,72.90115128,1,60,637,0,474,0,0,0.086083214,0,NA,0.051238258
377,5458.210717002046_sel06_S2.wav,2.10717E+11,S2,124.3234295,175,119.1484711,1,4,0,49,0,68,47,1,1,0.591304348,1
378,5458.210717002046_sel08_S3.wav,2.10717E+11,S3,112.1327616,123,99.43445373,1,49,0,70,322,0,528,1,0.178571429,0,0.26984127
379,5458.210717002046_sel10_S4.wav,2.10717E+11,S4,131.6516846,234,113.3090394,1,9,0,96,0,16,186,1,1,0.079207921,1
380,5458.210717002046_sel12_S5.wav,2.10717E+11,S5,107.7788142,178,89.24707739,1,113,45,0,817,0,249,0.715189873,0,0,0.115897436
381,5458.210717002046_sel16_S6.wav,2.10717E+11,S6,109.0346977,360,79.00700134,1,92,339,0,772,0,0,0.213457077,0,NA,0.076475478
382,5458.210717002046_sel19_S7.wav,2.10717E+11,S7,109.3543163,126,90.48962836,1,114,24,0,758,0,329,0.826086957,0,0,0.127232143
383,5458.210717002046_sel20_S8.wav,2.10717E+11,S8,106.7328867,197,72.30236428,1,55,672,0,439,0,0,0.07565337,0,NA,0.047169811
384,5458.210717002046_sel22_S9.wav,2.10717E+11,S9,107.6255066,239,77.55235202,1,86,401,0,710,0,0,0.176591376,0,NA,0.071846282
385,5458.210717002046_sel31_S12.wav,2.10717E+11,S12,105.6161803,204,69.36511495,1,28,854,0,257,0,0,0.031746032,0,NA,0.024582968
386,5458.210717002046_sel35_S13.wav,2.10717E+11,S13,106.1216125,254,76.40666276,1,81,454,0,657,0,0,0.151401869,0,NA,0.06795302
387,5458.210718002038_sel08_S3..wav,2.10718E+11,S3,107.1872308,248,83.86862329,1,105,170,0,941,0,0,0.381818182,0,NA,0.086348684
388,5458.210718002038_sel10_S4..wav,2.10718E+11,S4,110.2329542,237,95.33134036,1,80,0,38,507,0,604,1,0.069724771,0,0.1888
389,5458.210718002038_sel12_S5..wav,2.10718E+11,S5,130.6186835,781,116.0063727,1,6,0,71,0,44,113,1,1,0.280254777,1
390,5458.210719002030_sel02_S1.wav,2.10719E+11,S1,106.0468198,218,82.34193349,1,102,217,0,894,0,0,0.319749216,0,NA,0.084089035
391,5458.210719002030_sel02_S10.wav,2.10719E+11,S10,106.3576558,195,80.53634261,1,97,279,0,832,0,0,0.257978723,0,NA,0.080298013
392,5458.210719002030_sel03_S11.wav,2.10719E+11,S11,106.9809795,241,84.39957544,1,106,155,0,956,0,0,0.406130268,0,NA,0.087099425
393,5458.210719002030_sel03_S2.wav,2.10719E+11,S2,104.8223456,383,79.64905684,1,94,313,0,798,0,0,0.230958231,0,NA,0.078008299
394,5458.210719002030_sel05_S11.wav,2.10719E+11,S11,107.0244402,220,87.52653621,1,111,78,0,901,0,132,0.587301587,0,0,0.101834862
395,5458.210719002030_sel05_S2.wav,2.10719E+11,S2,105.383767,246,88.50898635,1,112,59,0,852,0,200,0.65497076,0,0,0.109481916
396,5458.210719002030_sel07_S12.wav,2.10719E+11,S12,105.9848165,215,79.98429423,1,95,300,0,811,0,0,0.240506329,0,NA,0.078772803
397,5458.210719002030_sel07_S3.wav,2.10719E+11,S3,121.4960351,165,101.4190644,1,39,0,81,248,0,477,1,0.246200608,0,0.326086957
398,5458.210719002030_sel08_S4.wav,2.10719E+11,S4,131.499913,1034,99.36216565,1,50,0,69,325,0,529,1,0.175126904,0,0.268018018
399,5458.210719002030_sel09_S14.wav,2.10719E+11,S14,104.7360834,380,75.29668093,1,75,509,0,602,0,0,0.128424658,0,NA,0.063237774
400,5458.210719002030_sel09_S5.wav,2.10719E+11,S5,109.6054631,140,87.64517349,1,111,76,0,895,0,140,0.593582888,0,0,0.1025878
401,5458.210719002030_sel14_S6.wav,2.10719E+11,S6,109.7373042,382,83.87808873,1,105,169,0,942,0,0,0.383211679,0,NA,0.086348684
402,5458.210719002030_sel21_S7.wav,2.10719E+11,S7,121.0385219,4947,87.67768549,1,111,75,0,893,0,143,0.596774194,0,0,0.102873031
403,5458.210719002030_sel23_S8.wav,2.10719E+11,S8,108.3570737,802,82.64983204,1,102,207,0,904,0,0,0.330097087,0,NA,0.084089035
404,5458.210719002030_sel26_S15.wav,2.10719E+11,S15,107.98666,244,82.77062392,1,103,203,0,908,0,0,0.336601307,0,NA,0.084843493
405,5458.210719002030_sel27_S16.wav,2.10719E+11,S16,112.604482,125,90.92004809,1,115,17,0,738,0,356,0.871212121,0,0,0.132183908
406,5458.210719002030_sel28_S17.wav,2.10719E+11,S17,108.2985712,222,81.32464972,1,99,251,0,860,0,0,0.282857143,0,NA,0.081818182
407,5458.210720002020_sel01_S1..wav,2.1072E+11,S1,105.7237602,251,77.04496092,1,84,424,0,687,0,0,0.165354331,0,NA,0.070292887
408,5458.210720002020_sel01_S2.wav,2.1072E+11,S2,106.5268916,762,82.69173901,1,103,205,0,906,0,0,0.334415584,0,NA,0.084843493
409,5458.210721002011_sel01_S2.wav,2.10721E+11,S2,105.4752236,808,73.4723156,1,64,605,0,506,0,0,0.095665172,0,NA,0.054468085
410,5458.210721002011_sel02_S1.wav,2.10721E+11,S1,107.8923056,629,80.72712104,1,97,272,0,839,0,0,0.262872629,0,NA,0.080298013
411,5458.210721002011_sel03_S3.wav,2.10721E+11,S3,108.2095088,210,89.22567688,1,113,45,0,818,0,248,0.715189873,0,0,0.115778689
412,5458.210722002002_sel01_S1.wav,2.10722E+11,S1,118.2001731,433,97.40827374,1,63,0,56,408,0,579,1,0.120689655,0,0.225806452
413,5458.210722002002_sel02_S10.wav,2.10722E+11,S10,105.6831356,200,75.02251447,1,73,523,0,588,0,0,0.122483221,0,NA,0.061655405
414,5458.210722002002_sel02_S2.wav,2.10722E+11,S2,115.8721696,144,89.71886772,1,114,36,0,795,0,280,0.76,0,0,0.120634921
415,5458.210722002002_sel04_S11.wav,2.10722E+11,S11,104.594542,130,72.7344322,1,58,647,0,464,0,0,0.082269504,0,NA,0.049615056
416,5458.210722002002_sel04_S3.wav,2.10722E+11,S3,109.8514798,477,77.99295608,1,88,382,0,729,0,0,0.187234043,0,NA,0.073394495
417,5458.210722002002_sel06_S4.wav,2.10722E+11,S4,110.9186499,2904,82.87252971,1,103,200,0,911,0,0,0.339933993,0,NA,0.084843493
418,5458.210722002002_sel08_S5.wav,2.10722E+11,S5,106.2017276,891,74.09320099,1,68,572,0,539,0,0,0.10625,0,NA,0.057675997
419,5458.210722002002_sel16_S8.wav,2.10722E+11,S8,107.3877751,957,73.74694167,1,65,590,0,521,0,0,0.099236641,0,NA,0.055272109
420,5458.210722002002_sel17_S12.wav,2.10722E+11,S12,107.5682938,406,76.565581,1,82,447,0,664,0,0,0.155009452,0,NA,0.068734283
421,5458.210722002002_sel18_S13.wav,2.10722E+11,S13,112.4115864,175,87.01931484,1,110,89,0,926,0,96,0.552763819,0,0,0.097777778
422,5458.210722002002_sel19_S14.wav,2.10722E+11,S14,105.3751807,2960,72.89318702,1,60,638,0,473,0,0,0.085959885,0,NA,0.051238258
423,5458.210723001954_sel02_S3..wav,2.10723E+11,S3,105.3652447,1011,77.74381241,1,87,393,0,718,0,0,0.18125,0,NA,0.072621035
424,5458.210724001945_sel01_S2.wav,2.10724E+11,S2,107.0225766,990,74.34134957,1,69,558,0,553,0,0,0.110047847,0,NA,0.058474576
