network.x,npz_id.x,Site_ID.x,Dep,Begin_Hour_loc,mean_diel,sd_lower,sd_upper
Temperate East,CGMP,CG,CGMP_201807_CG,0,-0.43333333333333335,-0.6123906433217223,-0.25427602334494437
Temperate East,CGMP,CG,CGMP_201807_CG,1,-0.319047619047619,-0.498104929036008,-0.13999030905923004
Temperate East,CGMP,CG,CGMP_201807_CG,2,-0.23333333333333334,-0.4123906433217223,-0.05427602334494436
Temperate East,CGMP,CG,CGMP_201807_CG,3,-0.3476190476190476,-0.5266763576074366,-0.16856173763065863
Temperate East,CGMP,CG,CGMP_201807_CG,4,-0.23333333333333334,-0.4123906433217223,-0.05427602334494436
Temperate East,CGMP,CG,CGMP_201807_CG,5,-0.3761904761904762,-0.5552477861788652,-0.1971331662020872
Temperate East,CGMP,CG,CGMP_201807_CG,6,0.22380952380952382,0.04475221382113484,0.40286683379791277
Temperate East,CGMP,CG,CGMP_201807_CG,7,0.4523809523809524,0.2733236423925634,0.6314382623693413
Temperate East,CGMP,CG,CGMP_201807_CG,8,0.48095238095238096,0.301895070963992,0.66000969094077
Temperate East,CGMP,CG,CGMP_201807_CG,9,0.6238095238095238,0.44475221382113483,0.8028668337979128
Temperate East,CGMP,CG,CGMP_201807_CG,10,0.48095238095238096,0.301895070963992,0.66000969094077
Temperate East,CGMP,CG,CGMP_201807_CG,11,0.48095238095238096,0.301895070963992,0.66000969094077
Temperate East,CGMP,CG,CGMP_201807_CG,12,0.4238095238095238,0.24475221382113482,0.6028668337979128
Temperate East,CGMP,CG,CGMP_201807_CG,13,0.16666666666666666,-0.012390643321722322,0.3457239766550556
Temperate East,CGMP,CG,CGMP_201807_CG,14,0.3380952380952381,0.15903792810684914,0.5171525480836271
Temperate East,CGMP,CG,CGMP_201807_CG,15,0.16666666666666669,-0.012390643321722294,0.34572397665505566
Temperate East,CGMP,CG,CGMP_201807_CG,16,0.10952380952380954,-0.06953350046457944,0.2885811195121985
Temperate East,CGMP,CG,CGMP_201807_CG,17,-0.20476190476190476,-0.38381921475029374,-0.025704594773515776
Temperate East,CGMP,CG,CGMP_201807_CG,18,-0.23333333333333334,-0.4123906433217223,-0.05427602334494436
Temperate East,CGMP,CG,CGMP_201807_CG,19,-0.319047619047619,-0.498104929036008,-0.13999030905923004
Temperate East,CGMP,CG,CGMP_201807_CG,20,-0.319047619047619,-0.498104929036008,-0.13999030905923004
Temperate East,CGMP,CG,CGMP_201807_CG,21,-0.2904761904761905,-0.4695335004645795,-0.11141888048780152
Temperate East,CGMP,CG,CGMP_201807_CG,22,-0.3476190476190476,-0.5266763576074366,-0.16856173763065863
Temperate East,CGMP,CG,CGMP_201807_CG,23,-0.2904761904761905,-0.4695335004645795,-0.11141888048780152
Temperate East,CGMP,CG,CGMP_201812_CG,0,-0.17546948356807512,-0.2790102744208896,-0.07192869271526063
Temperate East,CGMP,CG,CGMP_201812_CG,1,-0.2177230046948357,-0.32126379554765017,-0.1141822138420212
Temperate East,CGMP,CG,CGMP_201812_CG,2,-0.2177230046948357,-0.32126379554765017,-0.1141822138420212
Temperate East,CGMP,CG,CGMP_201812_CG,3,-0.14730046948356806,-0.25084126033638254,-0.04375967863075357
Temperate East,CGMP,CG,CGMP_201812_CG,4,-0.13321596244131456,-0.23675675329412904,-0.02967517158850007
Temperate East,CGMP,CG,CGMP_201812_CG,5,-0.07687793427230047,-0.18041872512511498,0.026662856580514024
Temperate East,CGMP,CG,CGMP_201812_CG,6,0.3034037558685446,0.19986296501573014,0.4069445467213591
Temperate East,CGMP,CG,CGMP_201812_CG,7,0.3034037558685446,0.19986296501573014,0.4069445467213591
Temperate East,CGMP,CG,CGMP_201812_CG,8,0.41607981220657275,0.3125390213537583,0.5196206030593873
Temperate East,CGMP,CG,CGMP_201812_CG,9,0.28931924882629106,0.18577845797347659,0.39286003967910554
Temperate East,CGMP,CG,CGMP_201812_CG,10,0.3315727699530516,0.22803197910023715,0.4351135608058661
Temperate East,CGMP,CG,CGMP_201812_CG,11,0.26115023474178406,0.15760944388896958,0.36469102559459854
Temperate East,CGMP,CG,CGMP_201812_CG,12,0.10622065727699531,0.0026798664241808184,0.2097614481298098
Temperate East,CGMP,CG,CGMP_201812_CG,13,0.0357981220657277,-0.06774266878708679,0.1393389129185422
Temperate East,CGMP,CG,CGMP_201812_CG,14,0.02171361502347418,-0.08182717582934032,0.12525440587628867
Temperate East,CGMP,CG,CGMP_201812_CG,15,0.007629107981220658,-0.09591168287159384,0.11116989883403515
Temperate East,CGMP,CG,CGMP_201812_CG,16,-0.034624413145539906,-0.1381652039983544,0.06891637770727459
Temperate East,CGMP,CG,CGMP_201812_CG,17,-0.06279342723004694,-0.16633421808286142,0.040747363622767555
Temperate East,CGMP,CG,CGMP_201812_CG,18,-0.09096244131455399,-0.19450323216736848,0.012578349538260508
Temperate East,CGMP,CG,CGMP_201812_CG,19,-0.17546948356807512,-0.2790102744208896,-0.07192869271526063
Temperate East,CGMP,CG,CGMP_201812_CG,20,-0.20363849765258216,-0.30717928850539666,-0.10009770679976766
Temperate East,CGMP,CG,CGMP_201812_CG,21,-0.18955399061032863,-0.2930947814631431,-0.08601319975751413
Temperate East,CGMP,CG,CGMP_201812_CG,22,-0.17546948356807512,-0.2790102744208896,-0.07192869271526063
Temperate East,CGMP,CG,CGMP_201812_CG,23,-0.17546948356807512,-0.2790102744208896,-0.07192869271526063
Temperate East,CGMP,CG,CGMP_201904_CG,0,-0.1961111111111111,-0.31485622712221084,-0.07736599510001137
Temperate East,CGMP,CG,CGMP_201904_CG,1,-0.1827777777777778,-0.30152289378887753,-0.06403266176667806
Temperate East,CGMP,CG,CGMP_201904_CG,2,-0.20944444444444443,-0.32818956045554415,-0.0906993284333447
Temperate East,CGMP,CG,CGMP_201904_CG,3,-0.2361111111111111,-0.3548562271222108,-0.11736599510001137
Temperate East,CGMP,CG,CGMP_201904_CG,4,-0.2361111111111111,-0.3548562271222108,-0.11736599510001137
Temperate East,CGMP,CG,CGMP_201904_CG,5,-0.11611111111111111,-0.23485622712221083,0.0026340048999886206
Temperate East,CGMP,CG,CGMP_201904_CG,6,0.37722222222222224,0.2584771062111225,0.49596733823332195
Temperate East,CGMP,CG,CGMP_201904_CG,7,0.2838888888888889,0.1651437728777892,0.40263400489998863
Temperate East,CGMP,CG,CGMP_201904_CG,8,0.3238888888888889,0.20514377287778918,0.4426340048999886
Temperate East,CGMP,CG,CGMP_201904_CG,9,0.3238888888888889,0.20514377287778918,0.4426340048999886
Temperate East,CGMP,CG,CGMP_201904_CG,10,0.3638888888888889,0.24514377287778916,0.4826340048999886
Temperate East,CGMP,CG,CGMP_201904_CG,11,0.3105555555555556,0.19181043954445587,0.4293006715666553
Temperate East,CGMP,CG,CGMP_201904_CG,12,0.2838888888888889,0.1651437728777892,0.40263400489998863
Temperate East,CGMP,CG,CGMP_201904_CG,13,0.2038888888888889,0.08514377287778917,0.3226340048999886
Temperate East,CGMP,CG,CGMP_201904_CG,14,0.07055555555555555,-0.04818956045554418,0.18930067156665528
Temperate East,CGMP,CG,CGMP_201904_CG,15,0.043888888888888894,-0.07485622712221084,0.16263400489998864
Temperate East,CGMP,CG,CGMP_201904_CG,16,-0.07611111111111112,-0.19485622712221085,0.042634004899988615
Temperate East,CGMP,CG,CGMP_201904_CG,17,-0.1961111111111111,-0.31485622712221084,-0.07736599510001137
Temperate East,CGMP,CG,CGMP_201904_CG,18,-0.16944444444444445,-0.28818956045554417,-0.05069932843334472
Temperate East,CGMP,CG,CGMP_201904_CG,19,-0.22277777777777777,-0.3415228937888775,-0.10403266176667804
Temperate East,CGMP,CG,CGMP_201904_CG,20,-0.16944444444444445,-0.28818956045554417,-0.05069932843334472
Temperate East,CGMP,CG,CGMP_201904_CG,21,-0.2361111111111111,-0.3548562271222108,-0.11736599510001137
Temperate East,CGMP,CG,CGMP_201904_CG,22,-0.1961111111111111,-0.31485622712221084,-0.07736599510001137
Temperate East,CGMP,CG,CGMP_201904_CG,23,-0.14277777777777778,-0.2615228937888775,-0.02403266176667805
Temperate East,SIMP,EP,SIMP_201808_EP,0,-0.23529411764705882,-0.3592460196831072,-0.1113422156110104
Temperate East,SIMP,EP,SIMP_201808_EP,1,-0.1176470588235294,-0.24159896085957783,0.006304843212519021
Temperate East,SIMP,EP,SIMP_201808_EP,2,-0.20588235294117646,-0.32983425497722485,-0.08193045090512804
Temperate East,SIMP,EP,SIMP_201808_EP,3,-0.29411764705882354,-0.41806954909487193,-0.17016574502277512
Temperate East,SIMP,EP,SIMP_201808_EP,4,-0.20588235294117646,-0.32983425497722485,-0.08193045090512804
Temperate East,SIMP,EP,SIMP_201808_EP,5,-0.23529411764705882,-0.3592460196831072,-0.1113422156110104
Temperate East,SIMP,EP,SIMP_201808_EP,6,-0.058823529411764705,-0.1827754314478131,0.06512837262428371
Temperate East,SIMP,EP,SIMP_201808_EP,7,0.17647058823529413,0.05251868619924571,0.30042249027134255
Temperate East,SIMP,EP,SIMP_201808_EP,8,0.5294117647058824,0.4054598626698339,0.6533636667419308
Temperate East,SIMP,EP,SIMP_201808_EP,9,0.4411764705882353,0.31722456855218684,0.5651283726242837
Temperate East,SIMP,EP,SIMP_201808_EP,10,0.5,0.37604809796395156,0.6239519020360484
Temperate East,SIMP,EP,SIMP_201808_EP,11,0.29411764705882354,0.17016574502277512,0.41806954909487193
Temperate East,SIMP,EP,SIMP_201808_EP,12,0.029411764705882356,-0.09454013733016606,0.15336366674193078
Temperate East,SIMP,EP,SIMP_201808_EP,13,0.0588235294117647,-0.06512837262428373,0.1827754314478131
Temperate East,SIMP,EP,SIMP_201808_EP,14,0.08823529411764706,-0.03571660791840135,0.21218719615369547
Temperate East,SIMP,EP,SIMP_201808_EP,15,0.11764705882352941,-0.006304843212519007,0.24159896085957783
Temperate East,SIMP,EP,SIMP_201808_EP,16,0.14705882352941177,0.023106921493363353,0.2710107255654602
Temperate East,SIMP,EP,SIMP_201808_EP,17,0.08823529411764706,-0.03571660791840135,0.21218719615369547
Temperate East,SIMP,EP,SIMP_201808_EP,18,-0.23529411764705882,-0.3592460196831072,-0.1113422156110104
Temperate East,SIMP,EP,SIMP_201808_EP,19,-0.1764705882352941,-0.3004224902713425,-0.052518686199245684
Temperate East,SIMP,EP,SIMP_201808_EP,20,-0.17647058823529413,-0.30042249027134255,-0.05251868619924571
Temperate East,SIMP,EP,SIMP_201808_EP,21,-0.11764705882352941,-0.24159896085957783,0.006304843212519007
Temperate East,SIMP,EP,SIMP_201808_EP,22,-0.20588235294117646,-0.32983425497722485,-0.08193045090512804
Temperate East,SIMP,EP,SIMP_201808_EP,23,-0.20588235294117646,-0.32983425497722485,-0.08193045090512804
Temperate East,SIMP,EP,SIMP_201812_EP,0,-0.12142857142857143,-0.26473531734453376,0.021878174487390892
Temperate East,SIMP,EP,SIMP_201812_EP,1,-0.15,-0.2933067459159623,-0.006693254084037675
Temperate East,SIMP,EP,SIMP_201812_EP,2,-0.12142857142857143,-0.26473531734453376,0.021878174487390892
Temperate East,SIMP,EP,SIMP_201812_EP,3,-0.17857142857142858,-0.32187817448739087,-0.035264682655466256
Temperate East,SIMP,EP,SIMP_201812_EP,4,-0.2642857142857143,-0.4075924602016766,-0.12097896836975197
Temperate East,SIMP,EP,SIMP_201812_EP,5,-0.007142857142857142,-0.15044960305881946,0.13616388877310517
Temperate East,SIMP,EP,SIMP_201812_EP,6,0.19285714285714287,0.04955039694118055,0.3361638887731052
Temperate East,SIMP,EP,SIMP_201812_EP,7,0.5642857142857143,0.42097896836975196,0.7075924602016765
Temperate East,SIMP,EP,SIMP_201812_EP,8,0.5357142857142857,0.3924075397983234,0.6790210316302481
Temperate East,SIMP,EP,SIMP_201812_EP,9,0.5357142857142857,0.3924075397983234,0.6790210316302481
Temperate East,SIMP,EP,SIMP_201812_EP,10,0.36428571428571427,0.22097896836975195,0.5075924602016766
Temperate East,SIMP,EP,SIMP_201812_EP,11,0.33571428571428574,0.19240753979832342,0.47902103163024806
Temperate East,SIMP,EP,SIMP_201812_EP,12,0.30714285714285716,0.16383611122689484,0.4504496030588195
Temperate East,SIMP,EP,SIMP_201812_EP,13,0.07857142857142857,-0.06473531734453375,0.2218781744873909
Temperate East,SIMP,EP,SIMP_201812_EP,14,-0.15,-0.2933067459159623,-0.006693254084037675
Temperate East,SIMP,EP,SIMP_201812_EP,15,-0.17857142857142858,-0.32187817448739087,-0.035264682655466256
Temperate East,SIMP,EP,SIMP_201812_EP,16,-0.09285714285714286,-0.23616388877310518,0.05044960305881946
Temperate East,SIMP,EP,SIMP_201812_EP,17,-0.2642857142857143,-0.4075924602016766,-0.12097896836975197
Temperate East,SIMP,EP,SIMP_201812_EP,18,-0.2642857142857143,-0.4075924602016766,-0.12097896836975197
Temperate East,SIMP,EP,SIMP_201812_EP,19,-0.20714285714285716,-0.35044960305881945,-0.06383611122689484
Temperate East,SIMP,EP,SIMP_201812_EP,20,-0.2642857142857143,-0.4075924602016766,-0.12097896836975197
Temperate East,SIMP,EP,SIMP_201812_EP,21,-0.2642857142857143,-0.4075924602016766,-0.12097896836975197
Temperate East,SIMP,EP,SIMP_201812_EP,22,-0.20714285714285713,-0.35044960305881945,-0.06383611122689481
Temperate East,SIMP,EP,SIMP_201812_EP,23,-0.17857142857142858,-0.32187817448739087,-0.035264682655466256
Temperate East,SIMP,EP,SIMP_201906_EP,0,-0.15000000000000002,-0.20757792451369145,-0.0924220754863086
Temperate East,SIMP,EP,SIMP_201906_EP,1,-4.185020385794047e-18,-0.05757792451369143,0.05757792451369142
Temperate East,SIMP,EP,SIMP_201906_EP,2,-0.2,-0.25757792451369144,-0.14242207548630859
Temperate East,SIMP,EP,SIMP_201906_EP,3,-0.15,-0.20757792451369142,-0.09242207548630857
Temperate East,SIMP,EP,SIMP_201906_EP,4,-0.05000000000000001,-0.10757792451369144,0.0075779245136914156
Temperate East,SIMP,EP,SIMP_201906_EP,5,-0.15,-0.20757792451369142,-0.09242207548630857
Temperate East,SIMP,EP,SIMP_201906_EP,6,0.04999999999999999,-0.007577924513691436,0.10757792451369141
Temperate East,SIMP,EP,SIMP_201906_EP,7,0.04999999999999999,-0.007577924513691436,0.10757792451369141
Temperate East,SIMP,EP,SIMP_201906_EP,8,0.15,0.09242207548630857,0.20757792451369142
Temperate East,SIMP,EP,SIMP_201906_EP,9,0.15,0.09242207548630857,0.20757792451369142
Temperate East,SIMP,EP,SIMP_201906_EP,10,0.25,0.19242207548630857,0.3075779245136914
Temperate East,SIMP,EP,SIMP_201906_EP,11,-1.1098842114462549e-17,-0.05757792451369144,0.05757792451369141
Temperate East,SIMP,EP,SIMP_201906_EP,12,-1.0408340855860843e-17,-0.05757792451369144,0.05757792451369141
Temperate East,SIMP,EP,SIMP_201906_EP,13,0.15,0.09242207548630857,0.20757792451369142
Temperate East,SIMP,EP,SIMP_201906_EP,14,0.04999999999999999,-0.007577924513691436,0.10757792451369141
Temperate East,SIMP,EP,SIMP_201906_EP,15,-0.05000000000000001,-0.10757792451369144,0.0075779245136914156
Temperate East,SIMP,EP,SIMP_201906_EP,16,-0.05000000000000001,-0.10757792451369144,0.0075779245136914156
Temperate East,SIMP,EP,SIMP_201906_EP,17,-0.05000000000000001,-0.10757792451369144,0.0075779245136914156
Temperate East,SIMP,EP,SIMP_201906_EP,18,-0.1,-0.15757792451369143,-0.04242207548630858
Temperate East,SIMP,EP,SIMP_201906_EP,19,0.04999999999999998,-0.007577924513691443,0.10757792451369141
Temperate East,SIMP,EP,SIMP_201906_EP,20,0.09999999999999998,0.04242207548630855,0.1575779245136914
Temperate East,SIMP,EP,SIMP_201906_EP,21,0.04999999999999998,-0.007577924513691443,0.10757792451369141
Temperate East,SIMP,EP,SIMP_201906_EP,22,0.049999999999999996,-0.0075779245136914294,0.10757792451369141
Temperate East,SIMP,EP,SIMP_201906_EP,23,-0.15000000000000002,-0.20757792451369145,-0.0924220754863086
Temperate East,SIMP,WP,SIMP_201808_WP,0,-0.32702020202020204,-0.5223349872938263,-0.1317054167465778
Temperate East,SIMP,WP,SIMP_201808_WP,1,-0.32702020202020204,-0.5223349872938263,-0.1317054167465778
Temperate East,SIMP,WP,SIMP_201808_WP,2,-0.32702020202020204,-0.5223349872938263,-0.1317054167465778
Temperate East,SIMP,WP,SIMP_201808_WP,3,-0.2967171717171717,-0.49203195699079594,-0.10140238644354746
Temperate East,SIMP,WP,SIMP_201808_WP,4,-0.32702020202020204,-0.5223349872938263,-0.1317054167465778
Temperate East,SIMP,WP,SIMP_201808_WP,5,-0.2361111111111111,-0.4314258963847354,-0.04079632583748685
Temperate East,SIMP,WP,SIMP_201808_WP,6,0.006313131313131311,-0.18900165396049295,0.20162791658675555
Temperate East,SIMP,WP,SIMP_201808_WP,7,0.369949494949495,0.17463470967587072,0.5652642802231193
Temperate East,SIMP,WP,SIMP_201808_WP,8,0.7941919191919192,0.598877133918295,0.9895067044655435
Temperate East,SIMP,WP,SIMP_201808_WP,9,0.88510101010101,0.6897862248273858,1.0804157953746343
Temperate East,SIMP,WP,SIMP_201808_WP,10,0.7941919191919192,0.598877133918295,0.9895067044655435
Temperate East,SIMP,WP,SIMP_201808_WP,11,0.27904040404040403,0.08372561876677978,0.4743551893140283
Temperate East,SIMP,WP,SIMP_201808_WP,12,0.4305555555555556,0.23524077028193133,0.6258703408291798
Temperate East,SIMP,WP,SIMP_201808_WP,13,-0.023989898989899,-0.21930468426352326,0.17132488628372525
Temperate East,SIMP,WP,SIMP_201808_WP,14,-0.023989898989899,-0.21930468426352326,0.17132488628372525
Temperate East,SIMP,WP,SIMP_201808_WP,15,0.006313131313131294,-0.18900165396049295,0.20162791658675555
Temperate East,SIMP,WP,SIMP_201808_WP,16,0.0669191919191919,-0.12839559335443235,0.26223397719281616
Temperate East,SIMP,WP,SIMP_201808_WP,17,-0.0542929292929293,-0.24960771456655356,0.14102185598069494
Temperate East,SIMP,WP,SIMP_201808_WP,18,-0.26641414141414144,-0.46172892668776566,-0.07109935614051718
Temperate East,SIMP,WP,SIMP_201808_WP,19,-0.32702020202020204,-0.5223349872938263,-0.1317054167465778
Temperate East,SIMP,WP,SIMP_201808_WP,20,-0.32702020202020204,-0.5223349872938263,-0.1317054167465778
Temperate East,SIMP,WP,SIMP_201808_WP,21,-0.2361111111111111,-0.4314258963847354,-0.04079632583748685
Temperate East,SIMP,WP,SIMP_201808_WP,22,-0.2967171717171717,-0.49203195699079594,-0.10140238644354746
Temperate East,SIMP,WP,SIMP_201808_WP,23,-0.2361111111111111,-0.4314258963847354,-0.04079632583748685
Temperate East,SIMP,WP,SIMP_201812_WP,0,-0.23452380952380952,-0.3953214644588051,-0.07372615458881396
Temperate East,SIMP,WP,SIMP_201812_WP,1,-0.2630952380952381,-0.4238928930302337,-0.10229758316024254
Temperate East,SIMP,WP,SIMP_201812_WP,2,-0.034523809523809526,-0.1953214644588051,0.12627384541118603
Temperate East,SIMP,WP,SIMP_201812_WP,3,-0.23452380952380952,-0.3953214644588051,-0.07372615458881396
Temperate East,SIMP,WP,SIMP_201812_WP,4,-0.23452380952380952,-0.3953214644588051,-0.07372615458881396
Temperate East,SIMP,WP,SIMP_201812_WP,5,-0.1488095238095238,-0.3096071787445194,0.011988131125471757
Temperate East,SIMP,WP,SIMP_201812_WP,6,0.2511904761904762,0.09039282125548062,0.4119881311254717
Temperate East,SIMP,WP,SIMP_201812_WP,7,0.6226190476190476,0.4618213926840521,0.7834167025540432
Temperate East,SIMP,WP,SIMP_201812_WP,8,0.6797619047619048,0.5189642498269093,0.8405595596969003
Temperate East,SIMP,WP,SIMP_201812_WP,9,0.5083333333333333,0.34753567839833777,0.6691309882683288
Temperate East,SIMP,WP,SIMP_201812_WP,10,0.27976190476190477,0.1189642498269092,0.4405595596969003
Temperate East,SIMP,WP,SIMP_201812_WP,11,0.5083333333333333,0.34753567839833777,0.6691309882683288
Temperate East,SIMP,WP,SIMP_201812_WP,12,0.3369047619047619,0.1761071069697663,0.49770241683975747
Temperate East,SIMP,WP,SIMP_201812_WP,13,0.07976190476190476,-0.08103575017309081,0.24055955969690032
Temperate East,SIMP,WP,SIMP_201812_WP,14,-0.12023809523809524,-0.2810357501730908,0.040559559696900324
Temperate East,SIMP,WP,SIMP_201812_WP,15,-0.12023809523809524,-0.2810357501730908,0.040559559696900324
Temperate East,SIMP,WP,SIMP_201812_WP,16,-0.09166666666666666,-0.2524643216016622,0.0691309882683289
Temperate East,SIMP,WP,SIMP_201812_WP,17,-0.2630952380952381,-0.4238928930302337,-0.10229758316024254
Temperate East,SIMP,WP,SIMP_201812_WP,18,-0.23452380952380952,-0.3953214644588051,-0.07372615458881396
Temperate East,SIMP,WP,SIMP_201812_WP,19,-0.23452380952380952,-0.3953214644588051,-0.07372615458881396
Temperate East,SIMP,WP,SIMP_201812_WP,20,-0.2630952380952381,-0.4238928930302337,-0.10229758316024254
Temperate East,SIMP,WP,SIMP_201812_WP,21,-0.2630952380952381,-0.4238928930302337,-0.10229758316024254
Temperate East,SIMP,WP,SIMP_201812_WP,22,-0.2630952380952381,-0.4238928930302337,-0.10229758316024254
Temperate East,SIMP,WP,SIMP_201812_WP,23,-0.2630952380952381,-0.4238928930302337,-0.10229758316024254
Temperate East,SIMP,WP,SIMP_201906_WP,0,-0.13592896174863386,-0.23846219692500234,-0.03339572657226539
Temperate East,SIMP,WP,SIMP_201906_WP,1,-0.1687158469945355,-0.271249082170904,-0.06618261181816704
Temperate East,SIMP,WP,SIMP_201906_WP,2,-0.13592896174863386,-0.23846219692500234,-0.03339572657226539
Temperate East,SIMP,WP,SIMP_201906_WP,3,-0.1687158469945355,-0.271249082170904,-0.06618261181816704
Temperate East,SIMP,WP,SIMP_201906_WP,4,-0.1687158469945355,-0.271249082170904,-0.06618261181816704
Temperate East,SIMP,WP,SIMP_201906_WP,5,-0.13592896174863386,-0.23846219692500234,-0.03339572657226539
Temperate East,SIMP,WP,SIMP_201906_WP,6,-0.03756830601092896,-0.14010154118729745,0.06496492916543951
Temperate East,SIMP,WP,SIMP_201906_WP,7,0.15915300546448088,0.05661977028811241,0.26168624064084933
Temperate East,SIMP,WP,SIMP_201906_WP,8,0.3558743169398907,0.2533410817635222,0.45840755211625916
Temperate East,SIMP,WP,SIMP_201906_WP,9,0.47062841530054644,0.36809518012417797,0.5731616504769149
Temperate East,SIMP,WP,SIMP_201906_WP,10,0.4378415300546448,0.33530829487827635,0.5403747652310134
Temperate East,SIMP,WP,SIMP_201906_WP,11,0.2575136612021858,0.1549804260258173,0.36004689637855425
Temperate East,SIMP,WP,SIMP_201906_WP,12,0.20833333333333331,0.10580009815696484,0.3108665685097018
Temperate East,SIMP,WP,SIMP_201906_WP,13,0.07718579234972678,-0.025347442826641697,0.17971902752609525
Temperate East,SIMP,WP,SIMP_201906_WP,14,0.07718579234972678,-0.025347442826641697,0.17971902752609525
Temperate East,SIMP,WP,SIMP_201906_WP,15,-0.11953551912568305,-0.22206875430205153,-0.01700228394931458
Temperate East,SIMP,WP,SIMP_201906_WP,16,-0.08674863387978142,-0.1892818690561499,0.015784601296587056
Temperate East,SIMP,WP,SIMP_201906_WP,17,-0.13592896174863386,-0.23846219692500234,-0.03339572657226539
Temperate East,SIMP,WP,SIMP_201906_WP,18,-0.13592896174863386,-0.23846219692500234,-0.03339572657226539
Temperate East,SIMP,WP,SIMP_201906_WP,19,-0.11953551912568305,-0.22206875430205153,-0.01700228394931458
Temperate East,SIMP,WP,SIMP_201906_WP,20,-0.08674863387978142,-0.1892818690561499,0.015784601296587056
Temperate East,SIMP,WP,SIMP_201906_WP,21,-0.10314207650273223,-0.2056753116791007,-6.088413263637543e-4
Temperate East,SIMP,WP,SIMP_201906_WP,22,-0.1359289617486339,-0.23846219692500237,-0.033395726572265416
Temperate East,SIMP,WP,SIMP_201906_WP,23,-0.1687158469945355,-0.271249082170904,-0.06618261181816704
Northwest,DMP,DNE,DAMPIER_202009_DNE,0,0.005208333333333335,-0.02708934061247842,0.03750600727914509
Northwest,DMP,DNE,DAMPIER_202009_DNE,1,-0.012648809523809522,-0.044946483469621275,0.019648864422002234
Northwest,DMP,DNE,DAMPIER_202009_DNE,2,-0.0662202380952381,-0.09851791204104984,-0.03392256414942634
Northwest,DMP,DNE,DAMPIER_202009_DNE,3,-0.012648809523809522,-0.044946483469621275,0.019648864422002234
Northwest,DMP,DNE,DAMPIER_202009_DNE,4,-0.03050595238095238,-0.06280362632676413,0.0017917215648593741
Northwest,DMP,DNE,DAMPIER_202009_DNE,5,-0.04836309523809523,-0.080660769183907,-0.01606542129228348
Northwest,DMP,DNE,DAMPIER_202009_DNE,6,0.005208333333333337,-0.02708934061247842,0.03750600727914509
Northwest,DMP,DNE,DAMPIER_202009_DNE,7,0.040922619047619055,0.0086249451018073,0.0732202929934308
Northwest,DMP,DNE,DAMPIER_202009_DNE,8,0.023065476190476195,-0.009232197755335559,0.05536315013628795
Northwest,DMP,DNE,DAMPIER_202009_DNE,9,0.11235119047619048,0.08005351653037873,0.14464886442200223
Northwest,DMP,DNE,DAMPIER_202009_DNE,10,0.13020833333333334,0.09791065938752158,0.1625060072791451
Northwest,DMP,DNE,DAMPIER_202009_DNE,11,0.04092261904761905,0.008624945101807294,0.0732202929934308
Northwest,DMP,DNE,DAMPIER_202009_DNE,12,0.13020833333333334,0.09791065938752158,0.1625060072791451
Northwest,DMP,DNE,DAMPIER_202009_DNE,13,-0.0662202380952381,-0.09851791204104984,-0.03392256414942634
Northwest,DMP,DNE,DAMPIER_202009_DNE,14,0.11235119047619048,0.08005351653037873,0.14464886442200223
Northwest,DMP,DNE,DAMPIER_202009_DNE,15,-0.012648809523809522,-0.044946483469621275,0.019648864422002234
Northwest,DMP,DNE,DAMPIER_202009_DNE,16,-0.03050595238095238,-0.06280362632676413,0.0017917215648593741
Northwest,DMP,DNE,DAMPIER_202009_DNE,17,-0.0662202380952381,-0.09851791204104984,-0.03392256414942634
Northwest,DMP,DNE,DAMPIER_202009_DNE,18,-0.03050595238095238,-0.06280362632676413,0.0017917215648593741
Northwest,DMP,DNE,DAMPIER_202009_DNE,19,-0.04836309523809523,-0.080660769183907,-0.01606542129228348
Northwest,DMP,DNE,DAMPIER_202009_DNE,20,-0.08407738095238095,-0.11637505489819269,-0.05177970700656919
Northwest,DMP,DNE,DAMPIER_202009_DNE,21,-0.01264880952380952,-0.044946483469621275,0.019648864422002234
Northwest,DMP,DNE,DAMPIER_202009_DNE,22,-0.012648809523809522,-0.044946483469621275,0.019648864422002234
Northwest,DMP,DNE,DAMPIER_202009_DNE,23,-0.0662202380952381,-0.09851791204104984,-0.03392256414942634
Northwest,DMP,DSW,DAMPIER_202009_DSW,0,-0.03273809523809524,-0.07823967075742425,0.012763480281233766
Northwest,DMP,DSW,DAMPIER_202009_DSW,1,-0.06845238095238096,-0.11395395647170997,-0.022950805433051953
Northwest,DMP,DSW,DAMPIER_202009_DSW,2,-0.0505952380952381,-0.09609681361456711,-0.005093662575909097
Northwest,DMP,DSW,DAMPIER_202009_DSW,3,-0.06845238095238096,-0.11395395647170997,-0.022950805433051953
Northwest,DMP,DSW,DAMPIER_202009_DSW,4,-0.050595238095238096,-0.0960968136145671,-0.00509366257590909
Northwest,DMP,DSW,DAMPIER_202009_DSW,5,-0.12202380952380952,-0.16752538504313852,-0.07652223400448052
Northwest,DMP,DSW,DAMPIER_202009_DSW,6,-0.03273809523809523,-0.07823967075742425,0.012763480281233773
Northwest,DMP,DSW,DAMPIER_202009_DSW,7,0.09226190476190477,0.04676032924257576,0.13776348028123378
Northwest,DMP,DSW,DAMPIER_202009_DSW,8,0.14583333333333334,0.10033175781400433,0.19133490885266236
Northwest,DMP,DSW,DAMPIER_202009_DSW,9,0.11011904761904762,0.0646174720997186,0.15562062313837663
Northwest,DMP,DSW,DAMPIER_202009_DSW,10,0.09226190476190477,0.04676032924257576,0.13776348028123378
Northwest,DMP,DSW,DAMPIER_202009_DSW,11,0.0744047619047619,0.028903186385432898,0.1199063374240909
Northwest,DMP,DSW,DAMPIER_202009_DSW,12,0.14583333333333334,0.10033175781400433,0.19133490885266236
Northwest,DMP,DSW,DAMPIER_202009_DSW,13,0.0744047619047619,0.028903186385432898,0.1199063374240909
Northwest,DMP,DSW,DAMPIER_202009_DSW,14,0.03869047619047619,-0.006811099328852814,0.0841920517098052
Northwest,DMP,DSW,DAMPIER_202009_DSW,15,-0.050595238095238096,-0.0960968136145671,-0.00509366257590909
Northwest,DMP,DSW,DAMPIER_202009_DSW,16,-0.06845238095238096,-0.11395395647170997,-0.022950805433051953
Northwest,DMP,DSW,DAMPIER_202009_DSW,17,-0.06845238095238096,-0.11395395647170997,-0.022950805433051953
Northwest,DMP,DSW,DAMPIER_202009_DSW,18,0.02083333333333333,-0.024668242185995677,0.06633490885266233
Northwest,DMP,DSW,DAMPIER_202009_DSW,19,-0.12202380952380952,-0.16752538504313852,-0.07652223400448052
Northwest,DMP,DSW,DAMPIER_202009_DSW,20,-0.17559523809523808,-0.2210968136145671,-0.13009366257590907
Northwest,DMP,DSW,DAMPIER_202009_DSW,21,-0.050595238095238096,-0.0960968136145671,-0.00509366257590909
Northwest,DMP,DSW,DAMPIER_202009_DSW,22,0.09226190476190475,0.04676032924257575,0.13776348028123375
Northwest,DMP,DSW,DAMPIER_202009_DSW,23,0.0744047619047619,0.028903186385432898,0.1199063374240909
Northwest,NMP,NGN,NINGALOO_201909_NGN,0,-0.030660377358490566,-0.0510677360969598,-0.010253018620021336
Northwest,NMP,NGN,NINGALOO_201909_NGN,1,-0.030660377358490566,-0.0510677360969598,-0.010253018620021336
Northwest,NMP,NGN,NINGALOO_201909_NGN,2,-0.030660377358490566,-0.0510677360969598,-0.010253018620021336
Northwest,NMP,NGN,NINGALOO_201909_NGN,3,-0.030660377358490566,-0.0510677360969598,-0.010253018620021336
Northwest,NMP,NGN,NINGALOO_201909_NGN,4,-0.011792452830188678,-0.03219981156865791,0.008614905908280552
Northwest,NMP,NGN,NINGALOO_201909_NGN,5,-0.011792452830188678,-0.03219981156865791,0.008614905908280552
Northwest,NMP,NGN,NINGALOO_201909_NGN,6,0.007075471698113209,-0.013331887040356021,0.02748283043658244
Northwest,NMP,NGN,NINGALOO_201909_NGN,7,-0.011792452830188677,-0.03219981156865791,0.008614905908280554
Northwest,NMP,NGN,NINGALOO_201909_NGN,8,-0.011792452830188677,-0.03219981156865791,0.008614905908280554
Northwest,NMP,NGN,NINGALOO_201909_NGN,9,-0.011792452830188678,-0.03219981156865791,0.008614905908280552
Northwest,NMP,NGN,NINGALOO_201909_NGN,10,-0.011792452830188677,-0.03219981156865791,0.008614905908280554
Northwest,NMP,NGN,NINGALOO_201909_NGN,11,-0.011792452830188678,-0.03219981156865791,0.008614905908280552
Northwest,NMP,NGN,NINGALOO_201909_NGN,12,-0.011792452830188677,-0.03219981156865791,0.008614905908280554
Northwest,NMP,NGN,NINGALOO_201909_NGN,13,0.025943396226415096,0.005536037487945865,0.046350754964884326
Northwest,NMP,NGN,NINGALOO_201909_NGN,14,0.0070754716981132094,-0.013331887040356021,0.02748283043658244
Northwest,NMP,NGN,NINGALOO_201909_NGN,15,0.0070754716981132094,-0.013331887040356021,0.02748283043658244
Northwest,NMP,NGN,NINGALOO_201909_NGN,16,-0.030660377358490566,-0.0510677360969598,-0.010253018620021336
Northwest,NMP,NGN,NINGALOO_201909_NGN,17,0.007075471698113209,-0.013331887040356021,0.02748283043658244
Northwest,NMP,NGN,NINGALOO_201909_NGN,18,0.10141509433962265,0.08100773560115342,0.12182245307809188
Northwest,NMP,NGN,NINGALOO_201909_NGN,19,0.1391509433962264,0.11874358465775718,0.15955830213469563
Northwest,NMP,NGN,NINGALOO_201909_NGN,20,0.00707547169811321,-0.013331887040356021,0.02748283043658244
Northwest,NMP,NGN,NINGALOO_201909_NGN,21,0.007075471698113209,-0.013331887040356021,0.02748283043658244
Northwest,NMP,NGN,NINGALOO_201909_NGN,22,-0.030660377358490566,-0.0510677360969598,-0.010253018620021336
Northwest,NMP,NGN,NINGALOO_201909_NGN,23,-0.030660377358490566,-0.0510677360969598,-0.010253018620021336
Northwest,NMP,NGS,NINGALOO_201909_NGS,0,-0.06558641975308642,-0.14639811420161875,0.015225274695445892
Northwest,NMP,NGS,NINGALOO_201909_NGS,1,-0.0470679012345679,-0.1278795956831002,0.03374379321396441
Northwest,NMP,NGS,NINGALOO_201909_NGS,2,-0.06558641975308642,-0.14639811420161875,0.015225274695445892
Northwest,NMP,NGS,NINGALOO_201909_NGS,3,-0.0470679012345679,-0.1278795956831002,0.03374379321396441
Northwest,NMP,NGS,NINGALOO_201909_NGS,4,-0.06558641975308642,-0.14639811420161875,0.015225274695445892
Northwest,NMP,NGS,NINGALOO_201909_NGS,5,0.008487654320987656,-0.07232404012754466,0.08929934876951996
Northwest,NMP,NGS,NINGALOO_201909_NGS,6,-0.02854938271604938,-0.1093610771645817,0.05226231173248293
Northwest,NMP,NGS,NINGALOO_201909_NGS,7,-0.0470679012345679,-0.1278795956831002,0.03374379321396441
Northwest,NMP,NGS,NINGALOO_201909_NGS,8,0.008487654320987656,-0.07232404012754466,0.08929934876951996
Northwest,NMP,NGS,NINGALOO_201909_NGS,9,-0.0470679012345679,-0.1278795956831002,0.03374379321396441
Northwest,NMP,NGS,NINGALOO_201909_NGS,10,-0.06558641975308642,-0.14639811420161875,0.015225274695445892
Northwest,NMP,NGS,NINGALOO_201909_NGS,11,-0.010030864197530864,-0.09084255864606318,0.07078083025100144
Northwest,NMP,NGS,NINGALOO_201909_NGS,12,-0.02854938271604938,-0.1093610771645817,0.05226231173248293
Northwest,NMP,NGS,NINGALOO_201909_NGS,13,0.008487654320987656,-0.07232404012754466,0.08929934876951996
Northwest,NMP,NGS,NINGALOO_201909_NGS,14,-0.010030864197530864,-0.09084255864606318,0.07078083025100144
Northwest,NMP,NGS,NINGALOO_201909_NGS,15,-0.0470679012345679,-0.1278795956831002,0.03374379321396441
Northwest,NMP,NGS,NINGALOO_201909_NGS,16,-0.0470679012345679,-0.1278795956831002,0.03374379321396441
Northwest,NMP,NGS,NINGALOO_201909_NGS,17,-0.0470679012345679,-0.1278795956831002,0.03374379321396441
Northwest,NMP,NGS,NINGALOO_201909_NGS,18,0.7307098765432098,0.6498981820946775,0.8115215709917422
Northwest,NMP,NGS,NINGALOO_201909_NGS,19,0.1381172839506173,0.057305589502084975,0.2189289783991496
Northwest,NMP,NGS,NINGALOO_201909_NGS,20,-0.06558641975308642,-0.14639811420161875,0.015225274695445892
Northwest,NMP,NGS,NINGALOO_201909_NGS,21,-0.0470679012345679,-0.1278795956831002,0.03374379321396441
Northwest,NMP,NGS,NINGALOO_201909_NGS,22,-0.0470679012345679,-0.1278795956831002,0.03374379321396441
Northwest,NMP,NGS,NINGALOO_201909_NGS,23,-0.06558641975308642,-0.14639811420161875,0.015225274695445892
South-west,GMP,GEO,GEOGRAPHE_202201_GEO,0,-0.25280898876404495,-0.3727075093877182,-0.13291046814037172
South-west,GMP,GEO,GEOGRAPHE_202201_GEO,1,-0.2640449438202247,-0.38394346444389793,-0.14414642319655147
South-west,GMP,GEO,GEOGRAPHE_202201_GEO,2,-0.2640449438202247,-0.38394346444389793,-0.14414642319655147
South-west,GMP,GEO,GEOGRAPHE_202201_GEO,3,-0.2640449438202247,-0.38394346444389793,-0.14414642319655147
South-west,GMP,GEO,GEOGRAPHE_202201_GEO,4,-0.16292134831460675,-0.28281986893828,-0.043022827690933504
South-west,GMP,GEO,GEOGRAPHE_202201_GEO,5,0.12921348314606743,0.00931496252239418,0.2491120037697407
South-west,GMP,GEO,GEOGRAPHE_202201_GEO,6,0.3202247191011236,0.20032619847745037,0.44012323972479683
South-west,GMP,GEO,GEOGRAPHE_202201_GEO,7,0.29775280898876405,0.17785428836509082,0.4176513296124373
South-west,GMP,GEO,GEOGRAPHE_202201_GEO,8,0.28651685393258425,0.16661833330891102,0.4064153745562575
South-west,GMP,GEO,GEOGRAPHE_202201_GEO,9,0.3202247191011236,0.20032619847745037,0.44012323972479683
South-west,GMP,GEO,GEOGRAPHE_202201_GEO,10,0.2752808988764045,0.15538237825273127,0.39517941950007773
South-west,GMP,GEO,GEOGRAPHE_202201_GEO,11,0.3651685393258427,0.24527001870216947,0.48506705994951593
South-west,GMP,GEO,GEOGRAPHE_202201_GEO,12,0.2303370786516854,0.11043855802801215,0.35023559927535863
South-west,GMP,GEO,GEOGRAPHE_202201_GEO,13,0.24157303370786518,0.12167451308419193,0.36147155433153844
South-west,GMP,GEO,GEOGRAPHE_202201_GEO,14,0.17415730337078653,0.05425878274711328,0.2940558239944598
South-west,GMP,GEO,GEOGRAPHE_202201_GEO,15,-0.03932584269662921,-0.15922436332030246,0.08057267792704403
South-west,GMP,GEO,GEOGRAPHE_202201_GEO,16,-0.07303370786516854,-0.19293222848884178,0.04686481275850471
South-west,GMP,GEO,GEOGRAPHE_202201_GEO,17,-0.09550561797752809,-0.21540413860120133,0.02439290264614516
South-west,GMP,GEO,GEOGRAPHE_202201_GEO,18,-0.20786516853932585,-0.3277636891629991,-0.0879666479156526
South-west,GMP,GEO,GEOGRAPHE_202201_GEO,19,-0.11797752808988764,-0.23787604871356088,0.0019209925337856093
South-west,GMP,GEO,GEOGRAPHE_202201_GEO,20,-0.17415730337078653,-0.2940558239944598,-0.05425878274711328
South-west,GMP,GEO,GEOGRAPHE_202201_GEO,21,-0.21910112359550563,-0.3389996442191789,-0.09920260297183238
South-west,GMP,GEO,GEOGRAPHE_202201_GEO,22,-0.24157303370786518,-0.36147155433153844,-0.12167451308419193
South-west,GMP,GEO,GEOGRAPHE_202201_GEO,23,-0.2640449438202247,-0.38394346444389793,-0.14414642319655147
South-west,JMP,JNE,JURIEN_202201_JNE,0,-0.044921875,-0.12680539557493575,0.03696164557493574
South-west,JMP,JNE,JURIEN_202201_JNE,1,-0.138671875,-0.22055539557493575,-0.05678835442506426
South-west,JMP,JNE,JURIEN_202201_JNE,2,-0.091796875,-0.17368039557493575,-0.00991335442506426
South-west,JMP,JNE,JURIEN_202201_JNE,3,-0.060546875,-0.14243039557493575,0.02133664557493574
South-west,JMP,JNE,JURIEN_202201_JNE,4,0.220703125,0.13881960442506425,0.30258664557493575
South-west,JMP,JNE,JURIEN_202201_JNE,5,0.048828125,-0.03305539557493574,0.13071164557493575
South-west,JMP,JNE,JURIEN_202201_JNE,6,0.142578125,0.06069460442506426,0.22446164557493575
South-west,JMP,JNE,JURIEN_202201_JNE,7,0.158203125,0.07631960442506426,0.24008664557493575
South-west,JMP,JNE,JURIEN_202201_JNE,8,0.033203125,-0.04868039557493574,0.11508664557493574
South-west,JMP,JNE,JURIEN_202201_JNE,9,0.517578125,0.43569460442506425,0.5994616455749358
South-west,JMP,JNE,JURIEN_202201_JNE,10,0.205078125,0.12319460442506426,0.28696164557493575
South-west,JMP,JNE,JURIEN_202201_JNE,11,0.173828125,0.09194460442506426,0.25571164557493575
South-west,JMP,JNE,JURIEN_202201_JNE,12,0.04882812500000001,-0.03305539557493573,0.13071164557493575
South-west,JMP,JNE,JURIEN_202201_JNE,13,-0.107421875,-0.18930539557493575,-0.02553835442506426
South-west,JMP,JNE,JURIEN_202201_JNE,14,-0.107421875,-0.18930539557493575,-0.02553835442506426
South-west,JMP,JNE,JURIEN_202201_JNE,15,-0.107421875,-0.18930539557493575,-0.02553835442506426
South-west,JMP,JNE,JURIEN_202201_JNE,16,-0.107421875,-0.18930539557493575,-0.02553835442506426
South-west,JMP,JNE,JURIEN_202201_JNE,17,-0.169921875,-0.25180539557493575,-0.08803835442506426
South-west,JMP,JNE,JURIEN_202201_JNE,18,-0.107421875,-0.18930539557493575,-0.02553835442506426
South-west,JMP,JNE,JURIEN_202201_JNE,19,-0.076171875,-0.15805539557493575,0.005711645574935739
South-west,JMP,JNE,JURIEN_202201_JNE,20,-0.060546875,-0.14243039557493575,0.02133664557493574
South-west,JMP,JNE,JURIEN_202201_JNE,21,-0.091796875,-0.17368039557493575,-0.00991335442506426
South-west,JMP,JNE,JURIEN_202201_JNE,22,-0.123046875,-0.20493039557493575,-0.04116335442506426
South-west,JMP,JNE,JURIEN_202201_JNE,23,-0.154296875,-0.23618039557493575,-0.07241335442506426
South-west,JMP,JSE,JURIEN_202201_JSE,0,-0.017543859649122806,-0.07425989635925606,0.03917217706101044
South-west,JMP,JSE,JURIEN_202201_JSE,1,-0.12280701754385964,-0.1795230542539929,-0.06609098083372639
South-west,JMP,JSE,JURIEN_202201_JSE,2,0.06140350877192982,0.004687472061796573,0.11811954548206308
South-west,JMP,JSE,JURIEN_202201_JSE,3,0.03508771929824561,-0.021628317411887636,0.09180375600837887
South-west,JMP,JSE,JURIEN_202201_JSE,4,0.19298245614035087,0.1362664194302176,0.24969849285048412
South-west,JMP,JSE,JURIEN_202201_JSE,5,0.008771929824561403,-0.047944106885571845,0.06548796653469466
South-west,JMP,JSE,JURIEN_202201_JSE,6,0.06140350877192983,0.00468747206179658,0.11811954548206308
South-west,JMP,JSE,JURIEN_202201_JSE,7,0.14035087719298245,0.0836348404828492,0.1970669139031157
South-west,JMP,JSE,JURIEN_202201_JSE,8,0.14035087719298245,0.0836348404828492,0.1970669139031157
South-west,JMP,JSE,JURIEN_202201_JSE,9,0.14035087719298245,0.0836348404828492,0.1970669139031157
South-west,JMP,JSE,JURIEN_202201_JSE,10,0.2719298245614035,0.21521378785127027,0.3286458612715368
South-west,JMP,JSE,JURIEN_202201_JSE,11,0.008771929824561408,-0.04794410688557184,0.06548796653469466
South-west,JMP,JSE,JURIEN_202201_JSE,12,-0.017543859649122806,-0.07425989635925606,0.03917217706101044
South-west,JMP,JSE,JURIEN_202201_JSE,13,-0.043859649122807015,-0.10057568583294027,0.012856387587326233
South-west,JMP,JSE,JURIEN_202201_JSE,14,-0.07017543859649122,-0.12689147530662448,-0.013459401886357976
South-west,JMP,JSE,JURIEN_202201_JSE,15,-0.07017543859649122,-0.12689147530662448,-0.013459401886357976
South-west,JMP,JSE,JURIEN_202201_JSE,16,0.008771929824561403,-0.047944106885571845,0.06548796653469466
South-west,JMP,JSE,JURIEN_202201_JSE,17,-0.14912280701754385,-0.2058388437276771,-0.0924067703074106
South-west,JMP,JSE,JURIEN_202201_JSE,18,-0.12280701754385964,-0.1795230542539929,-0.06609098083372639
South-west,JMP,JSE,JURIEN_202201_JSE,19,-0.07017543859649122,-0.12689147530662448,-0.013459401886357976
South-west,JMP,JSE,JURIEN_202201_JSE,20,-0.01754385964912281,-0.07425989635925606,0.039172177061010435
South-west,JMP,JSE,JURIEN_202201_JSE,21,-0.09649122807017543,-0.1532072647803087,-0.039775191360042185
South-west,JMP,JSE,JURIEN_202201_JSE,22,-0.12280701754385966,-0.1795230542539929,-0.06609098083372641
South-west,JMP,JSE,JURIEN_202201_JSE,23,-0.14912280701754385,-0.2058388437276771,-0.0924067703074106
South-west,MMP,MRE,MURAT_202002_MRE,0,0.01065891472868217,0.009017462104922635,0.012300367352441706
South-west,MMP,MRE,MURAT_202002_MRE,1,-9.689922480620155e-4,-0.00261044487182155,6.72460375697519e-4
South-west,MMP,MRE,MURAT_202002_MRE,2,-9.689922480620155e-4,-0.00261044487182155,6.72460375697519e-4
South-west,MMP,MRE,MURAT_202002_MRE,3,-9.689922480620155e-4,-0.00261044487182155,6.72460375697519e-4
South-west,MMP,MRE,MURAT_202002_MRE,4,0.01065891472868217,0.009017462104922635,0.012300367352441706
South-west,MMP,MRE,MURAT_202002_MRE,5,-9.689922480620155e-4,-0.00261044487182155,6.72460375697519e-4
South-west,MMP,MRE,MURAT_202002_MRE,6,-9.689922480620155e-4,-0.00261044487182155,6.72460375697519e-4
South-west,MMP,MRE,MURAT_202002_MRE,7,-9.689922480620155e-4,-0.00261044487182155,6.72460375697519e-4
South-west,MMP,MRE,MURAT_202002_MRE,8,-9.689922480620155e-4,-0.00261044487182155,6.72460375697519e-4
South-west,MMP,MRE,MURAT_202002_MRE,9,-9.689922480620155e-4,-0.00261044487182155,6.72460375697519e-4
South-west,MMP,MRE,MURAT_202002_MRE,10,-9.689922480620155e-4,-0.00261044487182155,6.72460375697519e-4
South-west,MMP,MRE,MURAT_202002_MRE,11,-9.689922480620155e-4,-0.00261044487182155,6.72460375697519e-4
South-west,MMP,MRE,MURAT_202002_MRE,12,-9.689922480620155e-4,-0.00261044487182155,6.72460375697519e-4
South-west,MMP,MRE,MURAT_202002_MRE,13,-9.689922480620155e-4,-0.00261044487182155,6.72460375697519e-4
South-west,MMP,MRE,MURAT_202002_MRE,14,-9.689922480620155e-4,-0.00261044487182155,6.72460375697519e-4
South-west,MMP,MRE,MURAT_202002_MRE,15,-9.689922480620155e-4,-0.00261044487182155,6.72460375697519e-4
South-west,MMP,MRE,MURAT_202002_MRE,16,-9.689922480620155e-4,-0.00261044487182155,6.72460375697519e-4
South-west,MMP,MRE,MURAT_202002_MRE,17,-9.689922480620155e-4,-0.00261044487182155,6.72460375697519e-4
South-west,MMP,MRE,MURAT_202002_MRE,18,-9.689922480620155e-4,-0.00261044487182155,6.72460375697519e-4
South-west,MMP,MRE,MURAT_202002_MRE,19,-9.689922480620155e-4,-0.00261044487182155,6.72460375697519e-4
South-west,MMP,MRE,MURAT_202002_MRE,20,-9.689922480620155e-4,-0.00261044487182155,6.72460375697519e-4
South-west,MMP,MRE,MURAT_202002_MRE,21,-9.689922480620155e-4,-0.00261044487182155,6.72460375697519e-4
South-west,MMP,MRE,MURAT_202002_MRE,22,-9.689922480620155e-4,-0.00261044487182155,6.72460375697519e-4
South-west,MMP,MRE,MURAT_202002_MRE,23,-9.689922480620155e-4,-0.00261044487182155,6.72460375697519e-4
South-west,MMP,MRW,MURAT_202002_MRW,0,-0.0010683760683760683,-0.002878182807392991,7.414306706408544e-4
South-west,MMP,MRW,MURAT_202002_MRW,1,-0.0010683760683760683,-0.002878182807392991,7.414306706408544e-4
South-west,MMP,MRW,MURAT_202002_MRW,2,-0.0010683760683760683,-0.002878182807392991,7.414306706408544e-4
South-west,MMP,MRW,MURAT_202002_MRW,3,-0.0010683760683760683,-0.002878182807392991,7.414306706408544e-4
South-west,MMP,MRW,MURAT_202002_MRW,4,0.011752136752136752,0.009942330013119829,0.013561943491153675
South-west,MMP,MRW,MURAT_202002_MRW,5,0.011752136752136752,0.009942330013119829,0.013561943491153675
South-west,MMP,MRW,MURAT_202002_MRW,6,-0.0010683760683760683,-0.002878182807392991,7.414306706408544e-4
South-west,MMP,MRW,MURAT_202002_MRW,7,-0.0010683760683760683,-0.002878182807392991,7.414306706408544e-4
South-west,MMP,MRW,MURAT_202002_MRW,8,-0.0010683760683760683,-0.002878182807392991,7.414306706408544e-4
South-west,MMP,MRW,MURAT_202002_MRW,9,-0.0010683760683760683,-0.002878182807392991,7.414306706408544e-4
South-west,MMP,MRW,MURAT_202002_MRW,10,-0.0010683760683760683,-0.002878182807392991,7.414306706408544e-4
South-west,MMP,MRW,MURAT_202002_MRW,11,-0.0010683760683760683,-0.002878182807392991,7.414306706408544e-4
South-west,MMP,MRW,MURAT_202002_MRW,12,-0.0010683760683760683,-0.002878182807392991,7.414306706408544e-4
South-west,MMP,MRW,MURAT_202002_MRW,13,-0.0010683760683760683,-0.002878182807392991,7.414306706408544e-4
South-west,MMP,MRW,MURAT_202002_MRW,14,-0.0010683760683760683,-0.002878182807392991,7.414306706408544e-4
South-west,MMP,MRW,MURAT_202002_MRW,15,-0.0010683760683760683,-0.002878182807392991,7.414306706408544e-4
South-west,MMP,MRW,MURAT_202002_MRW,16,-0.0010683760683760683,-0.002878182807392991,7.414306706408544e-4
South-west,MMP,MRW,MURAT_202002_MRW,17,-0.0010683760683760683,-0.002878182807392991,7.414306706408544e-4
South-west,MMP,MRW,MURAT_202002_MRW,18,-0.0010683760683760683,-0.002878182807392991,7.414306706408544e-4
South-west,MMP,MRW,MURAT_202002_MRW,19,-0.0010683760683760683,-0.002878182807392991,7.414306706408544e-4
South-west,MMP,MRW,MURAT_202002_MRW,20,-0.0010683760683760683,-0.002878182807392991,7.414306706408544e-4
South-west,MMP,MRW,MURAT_202002_MRW,21,-0.0010683760683760683,-0.002878182807392991,7.414306706408544e-4
South-west,MMP,MRW,MURAT_202002_MRW,22,-0.0010683760683760683,-0.002878182807392991,7.414306706408544e-4
South-west,MMP,MRW,MURAT_202002_MRW,23,-0.0010683760683760683,-0.002878182807392991,7.414306706408544e-4
South-west,SWCMP,SWS,SWC_202201_SWS,0,0.022088353413654616,-0.004891240692462242,0.049067947519771477
South-west,SWCMP,SWS,SWC_202201_SWS,1,-0.06224899598393574,-0.0892285900900526,-0.03526940187781888
South-west,SWCMP,SWS,SWC_202201_SWS,2,0.07028112449799197,0.04330153039187511,0.09726071860410883
South-west,SWCMP,SWS,SWC_202201_SWS,3,0.010040160642570278,-0.01693943346354658,0.037019754748687135
South-west,SWCMP,SWS,SWC_202201_SWS,4,0.03413654618473896,0.0071569520786220996,0.06111614029085581
South-west,SWCMP,SWS,SWC_202201_SWS,5,0.01004016064257028,-0.01693943346354658,0.037019754748687135
South-west,SWCMP,SWS,SWC_202201_SWS,6,0.05823293172690763,0.03125333762079077,0.0852125258330245
South-west,SWCMP,SWS,SWC_202201_SWS,7,-0.026104417670682733,-0.05308401177679959,8.751764354341246e-4
South-west,SWCMP,SWS,SWC_202201_SWS,8,0.04618473895582329,0.019205144849706434,0.07316433306194015
South-west,SWCMP,SWS,SWC_202201_SWS,9,-0.014056224899598397,-0.041035819005715256,0.01292336920651846
South-west,SWCMP,SWS,SWC_202201_SWS,10,0.010040160642570281,-0.016939433463546576,0.03701975474868714
South-west,SWCMP,SWS,SWC_202201_SWS,11,0.16666666666666666,0.1396870725605498,0.19364626077278352
South-west,SWCMP,SWS,SWC_202201_SWS,12,-0.014056224899598393,-0.04103581900571525,0.012923369206518464
South-west,SWCMP,SWS,SWC_202201_SWS,13,-0.014056224899598395,-0.04103581900571525,0.012923369206518463
South-west,SWCMP,SWS,SWC_202201_SWS,14,-0.07429718875502007,-0.10127678286113694,-0.04731759464890321
South-west,SWCMP,SWS,SWC_202201_SWS,15,0.058232931726907626,0.03125333762079077,0.08521252583302448
South-west,SWCMP,SWS,SWC_202201_SWS,16,-0.06224899598393574,-0.0892285900900526,-0.03526940187781888
South-west,SWCMP,SWS,SWC_202201_SWS,17,-0.014056224899598397,-0.041035819005715256,0.01292336920651846
South-west,SWCMP,SWS,SWC_202201_SWS,18,-0.03815261044176707,-0.06513220454788393,-0.011173016335650213
South-west,SWCMP,SWS,SWC_202201_SWS,19,-0.050200803212851405,-0.07718039731896827,-0.023221209106734548
South-west,SWCMP,SWS,SWC_202201_SWS,20,-0.026104417670682733,-0.05308401177679959,8.751764354341246e-4
South-west,SWCMP,SWS,SWC_202201_SWS,21,-0.050200803212851405,-0.07718039731896827,-0.023221209106734548
South-west,SWCMP,SWS,SWC_202201_SWS,22,-0.03815261044176707,-0.06513220454788393,-0.011173016335650213
South-west,SWCMP,SWS,SWC_202201_SWS,23,-0.002008032128514056,-0.028987626234630914,0.0249715619776028
South-west,TRMP,TRE,TWOROCKS_202105_TRE,0,-0.2779605263157895,-0.4080914675256763,-0.14782958510590266
South-west,TRMP,TRE,TWOROCKS_202105_TRE,1,-0.26480263157894735,-0.3949335727888342,-0.13467169036906051
South-west,TRMP,TRE,TWOROCKS_202105_TRE,2,-0.26480263157894735,-0.3949335727888342,-0.13467169036906051
South-west,TRMP,TRE,TWOROCKS_202105_TRE,3,-0.2911184210526316,-0.4212493622625184,-0.16098747984274475
South-west,TRMP,TRE,TWOROCKS_202105_TRE,4,-0.21217105263157895,-0.34230199384146576,-0.08204011142169212
South-west,TRMP,TRE,TWOROCKS_202105_TRE,5,-0.18585526315789475,-0.3159862043677816,-0.055724321948007915
South-west,TRMP,TRE,TWOROCKS_202105_TRE,6,0.06414473684210527,-0.06598620436778156,0.19427567805199208
South-west,TRMP,TRE,TWOROCKS_202105_TRE,7,0.37993421052631576,0.24980326931642893,0.5100651517362026
South-west,TRMP,TRE,TWOROCKS_202105_TRE,8,0.2746710526315789,0.1445401114216921,0.40480199384146576
South-west,TRMP,TRE,TWOROCKS_202105_TRE,9,0.24835526315789475,0.11822432194800792,0.3784862043677816
South-west,TRMP,TRE,TWOROCKS_202105_TRE,10,0.20888157894736842,0.07875063773748159,0.33901252015725525
South-west,TRMP,TRE,TWOROCKS_202105_TRE,11,0.3536184210526316,0.22348747984274475,0.4837493622625184
South-west,TRMP,TRE,TWOROCKS_202105_TRE,12,0.1825657894736842,0.05243484826379738,0.31269673068357107
South-west,TRMP,TRE,TWOROCKS_202105_TRE,13,0.4194078947368421,0.28927695352695526,0.5495388359467289
South-west,TRMP,TRE,TWOROCKS_202105_TRE,14,0.26151315789473684,0.13138221668485,0.39164409910462367
South-west,TRMP,TRE,TWOROCKS_202105_TRE,15,0.24835526315789475,0.11822432194800792,0.3784862043677816
South-west,TRMP,TRE,TWOROCKS_202105_TRE,16,0.22203947368421054,0.0919085324743237,0.3521704148940974
South-west,TRMP,TRE,TWOROCKS_202105_TRE,17,0.02467105263157895,-0.10545988857830788,0.15480199384146578
South-west,TRMP,TRE,TWOROCKS_202105_TRE,18,-0.18585526315789475,-0.3159862043677816,-0.055724321948007915
South-west,TRMP,TRE,TWOROCKS_202105_TRE,19,-0.19901315789473684,-0.32914409910462367,-0.06888221668485
South-west,TRMP,TRE,TWOROCKS_202105_TRE,20,-0.26480263157894735,-0.3949335727888342,-0.13467169036906051
South-west,TRMP,TRE,TWOROCKS_202105_TRE,21,-0.22532894736842105,-0.3554598885783079,-0.09519800615853422
South-west,TRMP,TRE,TWOROCKS_202105_TRE,22,-0.3042763157894737,-0.4344072569993605,-0.17414537457958684
South-west,TRMP,TRE,TWOROCKS_202105_TRE,23,-0.21217105263157895,-0.34230199384146576,-0.08204011142169212
South-west,TRMP,TRW,TWOROCKS_202105_TRW,0,-0.19642857142857142,-0.29989970394256626,-0.09295743891457658
South-west,TRMP,TRW,TWOROCKS_202105_TRW,1,-0.20833333333333334,-0.3118044658473282,-0.1048622008193385
South-west,TRMP,TRW,TWOROCKS_202105_TRW,2,-0.22023809523809523,-0.3237092277520901,-0.11676696272410039
South-west,TRMP,TRW,TWOROCKS_202105_TRW,3,-0.23214285714285715,-0.33561398965685196,-0.1286717246288623
South-west,TRMP,TRW,TWOROCKS_202105_TRW,4,-0.19642857142857142,-0.29989970394256626,-0.09295743891457658
South-west,TRMP,TRW,TWOROCKS_202105_TRW,5,-0.19642857142857142,-0.29989970394256626,-0.09295743891457658
South-west,TRMP,TRW,TWOROCKS_202105_TRW,6,0.06547619047619048,-0.03799494203780436,0.16894732299018533
South-west,TRMP,TRW,TWOROCKS_202105_TRW,7,0.2916666666666667,0.18819553415267185,0.3951377991806615
South-west,TRMP,TRW,TWOROCKS_202105_TRW,8,0.18452380952380953,0.0810526770098147,0.2879949420378044
South-west,TRMP,TRW,TWOROCKS_202105_TRW,9,0.17261904761904762,0.06914791510505278,0.27609018013304243
South-west,TRMP,TRW,TWOROCKS_202105_TRW,10,0.18452380952380953,0.0810526770098147,0.2879949420378044
South-west,TRMP,TRW,TWOROCKS_202105_TRW,11,0.23214285714285715,0.1286717246288623,0.33561398965685196
South-west,TRMP,TRW,TWOROCKS_202105_TRW,12,0.24404761904761907,0.14057648653362423,0.34751875156161394
South-west,TRMP,TRW,TWOROCKS_202105_TRW,13,0.255952380952381,0.15248124843838615,0.3594235134663758
South-west,TRMP,TRW,TWOROCKS_202105_TRW,14,0.22023809523809526,0.11676696272410042,0.3237092277520901
South-west,TRMP,TRW,TWOROCKS_202105_TRW,15,0.3273809523809524,0.22390981986695754,0.4308520848949472
South-west,TRMP,TRW,TWOROCKS_202105_TRW,16,0.125,0.02152886748600516,0.22847113251399484
South-west,TRMP,TRW,TWOROCKS_202105_TRW,17,-0.01785714285714285,-0.12132827537113769,0.08561398965685199
South-west,TRMP,TRW,TWOROCKS_202105_TRW,18,-0.10119047619047619,-0.20466160870447103,0.0022806563235186483
South-west,TRMP,TRW,TWOROCKS_202105_TRW,19,-0.19642857142857142,-0.29989970394256626,-0.09295743891457658
South-west,TRMP,TRW,TWOROCKS_202105_TRW,20,-0.17261904761904762,-0.27609018013304243,-0.06914791510505278
South-west,TRMP,TRW,TWOROCKS_202105_TRW,21,-0.17261904761904762,-0.27609018013304243,-0.06914791510505278
South-west,TRMP,TRW,TWOROCKS_202105_TRW,22,-0.19642857142857142,-0.29989970394256626,-0.09295743891457658
South-west,TRMP,TRW,TWOROCKS_202105_TRW,23,-0.19642857142857142,-0.29989970394256626,-0.09295743891457658
