"","Begin_Date","Begin_Hour","Maneuver","Not_Assigned","Transit","Notes"
"1",2021-05-10,0,0,NA,0,NA
"2",2021-05-10,1,0,NA,0,NA
"3",2021-05-10,2,0,NA,0,NA
"4",2021-05-10,3,0,NA,0,NA
"5",2021-05-10,4,0,NA,0,NA
"6",2021-05-10,5,0,1,0,NA
"7",2021-05-10,6,0,NA,0,NA
"8",2021-05-10,7,0,1,0,NA
"9",2021-05-10,8,0,1,0,NA
"10",2021-05-10,9,1,0,0,NA
"11",2021-05-10,10,0,NA,0,NA
"12",2021-05-10,11,0,NA,0,NA
"13",2021-05-10,12,0,NA,0,NA
"14",2021-05-10,13,0,NA,0,NA
"15",2021-05-10,14,0,NA,0,NA
"16",2021-05-10,15,0,NA,0,NA
"17",2021-05-10,16,0,NA,0,NA
"18",2021-05-10,17,0,NA,0,NA
"19",2021-05-10,18,0,NA,0,NA
"20",2021-05-10,19,0,NA,0,NA
"21",2021-05-10,20,0,NA,0,NA
"22",2021-05-10,21,0,NA,0,NA
"23",2021-05-10,22,0,NA,0,NA
"24",2021-05-10,23,0,NA,0,NA
"25",2021-05-11,0,0,NA,0,NA
"26",2021-05-11,1,0,NA,0,NA
"27",2021-05-11,2,0,NA,0,NA
"28",2021-05-11,3,0,NA,0,NA
"29",2021-05-11,4,0,1,0,NA
"30",2021-05-11,5,0,NA,0,NA
"31",2021-05-11,6,0,1,0,NA
"32",2021-05-11,7,0,NA,0,NA
"33",2021-05-11,8,0,NA,0,NA
"34",2021-05-11,9,0,NA,0,NA
"35",2021-05-11,10,0,1,0,NA
"36",2021-05-11,11,0,NA,0,NA
"37",2021-05-11,12,0,NA,0,NA
"38",2021-05-11,13,0,NA,0,NA
"39",2021-05-11,14,0,NA,0,NA
"40",2021-05-11,15,0,NA,0,NA
"41",2021-05-11,16,0,NA,0,NA
"42",2021-05-11,17,0,NA,0,NA
"43",2021-05-11,18,0,NA,0,NA
"44",2021-05-11,19,0,NA,0,NA
"45",2021-05-11,20,0,NA,0,NA
"46",2021-05-11,21,0,NA,0,NA
"47",2021-05-11,22,0,2,0,NA
"48",2021-05-11,23,0,1,0,NA
"49",2021-05-12,0,0,1,0,"added on review"
"50",2021-05-12,1,0,1,0,NA
"51",2021-05-12,2,0,NA,0,NA
"52",2021-05-12,3,0,NA,0,NA
"53",2021-05-12,4,0,NA,0,NA
"54",2021-05-12,5,0,NA,0,NA
"55",2021-05-12,6,0,NA,0,NA
"56",2021-05-12,7,0,NA,0,NA
"57",2021-05-12,8,0,NA,0,NA
"58",2021-05-12,9,0,NA,0,NA
"59",2021-05-12,10,0,NA,0,NA
"60",2021-05-12,11,0,NA,0,NA
"61",2021-05-12,12,0,NA,0,NA
"62",2021-05-12,13,0,NA,0,NA
"63",2021-05-12,14,0,NA,0,NA
"64",2021-05-12,15,0,NA,0,NA
"65",2021-05-12,16,0,NA,0,NA
"66",2021-05-12,17,0,NA,0,NA
"67",2021-05-12,18,0,NA,0,NA
"68",2021-05-12,19,0,NA,0,NA
"69",2021-05-12,20,0,NA,0,NA
"70",2021-05-12,21,0,NA,0,NA
"71",2021-05-12,22,0,NA,0,NA
"72",2021-05-12,23,0,NA,0,NA
"73",2021-05-13,0,0,NA,0,NA
"74",2021-05-13,1,0,NA,0,NA
"75",2021-05-13,2,0,NA,0,NA
"76",2021-05-13,3,0,1,0,NA
"77",2021-05-13,4,0,NA,0,NA
"78",2021-05-13,5,0,1,0,NA
"79",2021-05-13,6,0,NA,0,NA
"80",2021-05-13,7,0,NA,0,NA
"81",2021-05-13,8,0,NA,0,NA
"82",2021-05-13,9,0,NA,0,NA
"83",2021-05-13,10,0,NA,0,NA
"84",2021-05-13,11,0,NA,0,NA
"85",2021-05-13,12,0,NA,0,NA
"86",2021-05-13,13,0,NA,0,NA
"87",2021-05-13,14,0,NA,0,NA
"88",2021-05-13,15,0,NA,0,NA
"89",2021-05-13,16,0,NA,0,NA
"90",2021-05-13,17,0,NA,0,NA
"91",2021-05-13,18,0,NA,0,NA
"92",2021-05-13,19,0,NA,0,NA
"93",2021-05-13,20,0,NA,0,NA
"94",2021-05-13,21,0,NA,0,NA
"95",2021-05-13,22,0,NA,0,NA
"96",2021-05-13,23,0,NA,0,NA
"97",2021-05-14,0,0,NA,0,NA
"98",2021-05-14,1,0,NA,0,NA
"99",2021-05-14,2,0,1,0,NA
"100",2021-05-14,3,0,NA,0,NA
"101",2021-05-14,4,0,NA,0,NA
"102",2021-05-14,5,0,NA,0,NA
"103",2021-05-14,6,0,NA,0,NA
"104",2021-05-14,7,0,1,0,NA
"105",2021-05-14,8,0,NA,0,NA
"106",2021-05-14,9,0,1,0,NA
"107",2021-05-14,10,0,NA,0,NA
"108",2021-05-14,11,0,NA,0,NA
"109",2021-05-14,12,0,NA,0,NA
"110",2021-05-14,13,0,NA,0,NA
"111",2021-05-14,14,0,NA,0,NA
"112",2021-05-14,15,0,NA,0,NA
"113",2021-05-14,16,0,NA,0,NA
"114",2021-05-14,17,0,1,0,NA
"115",2021-05-14,18,0,NA,0,NA
"116",2021-05-14,19,0,NA,0,NA
"117",2021-05-14,20,0,NA,0,NA
"118",2021-05-14,21,0,NA,0,NA
"119",2021-05-14,22,0,NA,0,NA
"120",2021-05-14,23,0,NA,0,NA
"121",2021-05-15,0,0,NA,0,NA
"122",2021-05-15,1,0,NA,0,NA
"123",2021-05-15,2,0,NA,0,NA
"124",2021-05-15,3,1,2,0,"M at 3:57:54; Added on review; Added on review"
"125",2021-05-15,4,0,1,1,"Added on review; Added on review"
"126",2021-05-15,5,0,NA,0,NA
"127",2021-05-15,6,0,NA,0,NA
"128",2021-05-15,7,0,NA,0,NA
"129",2021-05-15,8,0,NA,0,NA
"130",2021-05-15,9,0,NA,0,NA
"131",2021-05-15,10,0,NA,0,NA
"132",2021-05-15,11,0,NA,0,NA
"133",2021-05-15,12,0,NA,0,NA
"134",2021-05-15,13,0,NA,0,NA
"135",2021-05-15,14,0,NA,0,NA
"136",2021-05-15,15,0,NA,0,NA
"137",2021-05-15,16,0,NA,0,NA
"138",2021-05-15,17,0,NA,0,NA
"139",2021-05-15,18,0,NA,0,NA
"140",2021-05-15,19,0,NA,0,NA
"141",2021-05-15,20,0,NA,0,NA
"142",2021-05-15,21,0,NA,0,NA
"143",2021-05-15,22,0,NA,0,NA
"144",2021-05-15,23,0,NA,0,NA
"145",2021-05-16,0,0,NA,0,NA
"146",2021-05-16,1,0,NA,0,NA
"147",2021-05-16,2,0,2,0,NA
"148",2021-05-16,3,0,NA,0,NA
"149",2021-05-16,4,0,1,0,NA
"150",2021-05-16,5,0,NA,0,NA
"151",2021-05-16,6,1,0,0,NA
"152",2021-05-16,7,1,0,0,NA
"153",2021-05-16,8,0,NA,0,NA
"154",2021-05-16,9,0,NA,0,NA
"155",2021-05-16,10,0,NA,0,NA
"156",2021-05-16,11,0,NA,0,NA
"157",2021-05-16,12,0,NA,0,NA
"158",2021-05-16,13,0,NA,0,NA
"159",2021-05-16,14,0,NA,0,NA
"160",2021-05-16,15,0,NA,0,NA
"161",2021-05-16,16,0,NA,0,NA
"162",2021-05-16,17,0,NA,0,NA
"163",2021-05-16,18,0,NA,0,NA
"164",2021-05-16,19,0,1,0,NA
"165",2021-05-16,20,0,NA,0,NA
"166",2021-05-16,21,0,NA,0,NA
"167",2021-05-16,22,0,NA,0,NA
"168",2021-05-16,23,0,NA,0,NA
"169",2021-05-17,0,0,NA,0,NA
"170",2021-05-17,1,0,NA,0,NA
"171",2021-05-17,2,0,NA,0,NA
"172",2021-05-17,3,0,1,0,NA
"173",2021-05-17,4,0,NA,0,NA
"174",2021-05-17,5,0,NA,0,NA
"175",2021-05-17,6,0,1,0,NA
"176",2021-05-17,7,0,NA,0,NA
"177",2021-05-17,8,0,1,0,NA
"178",2021-05-17,9,0,NA,0,NA
"179",2021-05-17,10,0,NA,0,NA
"180",2021-05-17,11,0,NA,0,NA
"181",2021-05-17,12,0,NA,0,NA
"182",2021-05-17,13,0,NA,0,NA
"183",2021-05-17,14,0,NA,0,NA
"184",2021-05-17,15,0,NA,0,NA
"185",2021-05-17,16,0,NA,0,NA
"186",2021-05-17,17,0,NA,0,NA
"187",2021-05-17,18,0,NA,0,NA
"188",2021-05-17,19,0,NA,0,NA
"189",2021-05-17,20,0,1,0,NA
"190",2021-05-17,21,0,NA,0,NA
"191",2021-05-17,22,0,1,0,"added on review"
"192",2021-05-17,23,1,1,1,"; added on review; added on review"
"193",2021-05-18,0,0,1,1,"; added on review"
"194",2021-05-18,1,1,0,0,NA
"195",2021-05-18,2,0,1,0,"added on review"
"196",2021-05-18,3,0,1,0,NA
"197",2021-05-18,4,0,2,0,"added on review, sound clip; added on review"
"198",2021-05-18,5,2,3,0,"; added on review, sound clip; ; added on review; added on review"
"199",2021-05-18,6,0,NA,0,NA
"200",2021-05-18,7,0,NA,0,NA
"201",2021-05-18,8,0,0,1,NA
"202",2021-05-18,9,0,NA,0,NA
"203",2021-05-18,10,0,NA,0,NA
"204",2021-05-18,11,0,NA,0,NA
"205",2021-05-18,12,0,NA,0,NA
"206",2021-05-18,13,0,NA,0,NA
"207",2021-05-18,14,0,NA,0,NA
"208",2021-05-18,15,0,NA,0,NA
"209",2021-05-18,16,0,NA,0,NA
"210",2021-05-18,17,0,NA,0,NA
"211",2021-05-18,18,0,NA,0,NA
"212",2021-05-18,19,0,NA,0,NA
"213",2021-05-18,20,0,NA,0,NA
"214",2021-05-18,21,0,NA,0,NA
"215",2021-05-18,22,0,NA,0,NA
"216",2021-05-18,23,1,0,0,"M at 23:40:07"
"217",2021-05-19,0,0,NA,0,NA
"218",2021-05-19,1,0,NA,0,NA
"219",2021-05-19,2,0,NA,0,NA
"220",2021-05-19,3,0,1,0,NA
"221",2021-05-19,4,0,NA,0,NA
"222",2021-05-19,5,1,1,0,NA
"223",2021-05-19,6,0,NA,0,NA
"224",2021-05-19,7,0,1,0,"no sound clip due to ambient noise"
"225",2021-05-19,8,0,NA,0,NA
"226",2021-05-19,9,0,NA,0,NA
"227",2021-05-19,10,0,NA,0,NA
"228",2021-05-19,11,0,NA,0,NA
"229",2021-05-19,12,0,NA,0,NA
"230",2021-05-19,13,0,NA,0,NA
"231",2021-05-19,14,0,NA,0,NA
"232",2021-05-19,15,0,NA,0,NA
"233",2021-05-19,16,0,NA,0,NA
"234",2021-05-19,17,0,NA,0,NA
"235",2021-05-19,18,0,NA,0,NA
"236",2021-05-19,19,0,NA,0,NA
"237",2021-05-19,20,0,NA,0,NA
"238",2021-05-19,21,0,NA,0,NA
"239",2021-05-19,22,0,1,0,NA
"240",2021-05-19,23,0,2,0,"; added on review"
"241",2021-05-20,0,1,1,1,"M at 0:23:06; ; added on review"
"242",2021-05-20,1,3,0,0,"; ; added on review"
"243",2021-05-20,2,0,1,0,NA
"244",2021-05-20,3,0,1,0,NA
"245",2021-05-20,4,1,1,0,"; added on review"
"246",2021-05-20,5,1,0,0,NA
"247",2021-05-20,6,1,2,0,"; added on review; added on review"
"248",2021-05-20,7,3,0,0,"; added on review; added on review"
"249",2021-05-20,8,0,1,0,NA
"250",2021-05-20,9,0,NA,0,NA
"251",2021-05-20,10,0,1,0,NA
"252",2021-05-20,11,0,NA,0,NA
"253",2021-05-20,12,0,NA,0,NA
"254",2021-05-20,13,0,NA,0,NA
"255",2021-05-20,14,0,NA,0,NA
"256",2021-05-20,15,0,NA,0,NA
"257",2021-05-20,16,0,NA,0,NA
"258",2021-05-20,17,0,NA,0,NA
"259",2021-05-20,18,0,NA,0,NA
"260",2021-05-20,19,0,NA,0,NA
"261",2021-05-20,20,0,NA,0,NA
"262",2021-05-20,21,0,NA,0,NA
"263",2021-05-20,22,0,1,2,"; added on review; added on review"
"264",2021-05-20,23,1,1,0,"added on review; added on review"
"265",2021-05-21,0,0,1,0,NA
"266",2021-05-21,1,0,1,0,NA
"267",2021-05-21,2,0,NA,0,NA
"268",2021-05-21,3,1,0,0,"added on review"
"269",2021-05-21,4,2,2,0,"; added on review; sound clip; added on review; no sound clip due to other vessel noiseadded on review"
"270",2021-05-21,5,0,1,1,"no sound clip; "
"271",2021-05-21,6,0,1,0,"added on review"
"272",2021-05-21,7,0,2,0,"; added on review"
"273",2021-05-21,8,0,2,0,"; added on review"
"274",2021-05-21,9,0,1,0,NA
"275",2021-05-21,10,0,1,0,NA
"276",2021-05-21,11,0,NA,0,NA
"277",2021-05-21,12,0,NA,0,NA
"278",2021-05-21,13,0,NA,0,NA
"279",2021-05-21,14,0,1,0,NA
"280",2021-05-21,15,0,NA,0,NA
"281",2021-05-21,16,0,NA,0,NA
"282",2021-05-21,17,0,NA,0,NA
"283",2021-05-21,18,0,1,0,NA
"284",2021-05-21,19,0,NA,0,NA
"285",2021-05-21,20,0,NA,0,NA
"286",2021-05-21,21,0,NA,0,NA
"287",2021-05-21,22,0,NA,0,NA
"288",2021-05-21,23,0,NA,0,NA
"289",2021-05-22,0,0,NA,0,NA
"290",2021-05-22,1,0,1,0,NA
"291",2021-05-22,2,0,NA,0,NA
"292",2021-05-22,3,0,NA,0,NA
"293",2021-05-22,4,0,NA,0,NA
"294",2021-05-22,5,0,NA,0,NA
"295",2021-05-22,6,0,1,0,NA
"296",2021-05-22,7,0,NA,0,NA
"297",2021-05-22,8,0,NA,0,NA
"298",2021-05-22,9,0,NA,0,NA
"299",2021-05-22,10,0,NA,0,NA
"300",2021-05-22,11,0,NA,0,NA
"301",2021-05-22,12,0,NA,0,NA
"302",2021-05-22,13,0,NA,0,NA
"303",2021-05-22,14,0,NA,0,NA
"304",2021-05-22,15,0,1,0,"no sound clip due to ambient noise"
"305",2021-05-22,16,0,NA,0,NA
"306",2021-05-22,17,0,NA,0,NA
"307",2021-05-22,18,0,NA,0,NA
"308",2021-05-22,19,0,NA,0,NA
"309",2021-05-22,20,0,NA,0,NA
"310",2021-05-22,21,0,NA,0,NA
"311",2021-05-22,22,0,NA,0,NA
"312",2021-05-22,23,0,NA,0,NA
"313",2021-05-23,0,0,NA,0,NA
"314",2021-05-23,1,0,NA,0,NA
"315",2021-05-23,2,0,NA,0,NA
"316",2021-05-23,3,0,NA,0,NA
"317",2021-05-23,4,0,1,0,NA
"318",2021-05-23,5,0,1,0,"no sound clip due to ambient noise"
"319",2021-05-23,6,0,NA,0,NA
"320",2021-05-23,7,0,NA,0,NA
"321",2021-05-23,8,0,NA,0,NA
"322",2021-05-23,9,0,NA,0,NA
"323",2021-05-23,10,0,NA,0,NA
"324",2021-05-23,11,0,NA,0,NA
"325",2021-05-23,12,0,NA,0,NA
"326",2021-05-23,13,0,NA,0,NA
"327",2021-05-23,14,0,NA,0,NA
"328",2021-05-23,15,0,NA,0,NA
"329",2021-05-23,16,0,NA,0,NA
"330",2021-05-23,17,0,NA,0,NA
"331",2021-05-23,18,0,NA,0,NA
"332",2021-05-23,19,0,NA,0,NA
"333",2021-05-23,20,0,NA,0,NA
"334",2021-05-23,21,0,NA,0,NA
"335",2021-05-23,22,0,NA,0,NA
"336",2021-05-23,23,0,NA,0,NA
"337",2021-05-24,0,0,NA,0,NA
"338",2021-05-24,1,0,NA,0,NA
"339",2021-05-24,2,0,NA,0,NA
"340",2021-05-24,3,0,NA,0,NA
"341",2021-05-24,4,0,NA,0,NA
"342",2021-05-24,5,0,NA,0,NA
"343",2021-05-24,6,0,NA,0,NA
"344",2021-05-24,7,0,NA,0,NA
"345",2021-05-24,8,0,NA,0,NA
"346",2021-05-24,9,0,NA,0,NA
"347",2021-05-24,10,0,1,0,NA
"348",2021-05-24,11,0,NA,0,NA
"349",2021-05-24,12,0,NA,0,NA
"350",2021-05-24,13,0,NA,0,NA
"351",2021-05-24,14,0,NA,0,NA
"352",2021-05-24,15,0,NA,0,NA
"353",2021-05-24,16,0,NA,0,NA
"354",2021-05-24,17,0,NA,0,NA
"355",2021-05-24,18,0,NA,0,NA
"356",2021-05-24,19,0,NA,0,NA
"357",2021-05-24,20,0,NA,0,NA
"358",2021-05-24,21,0,1,0,NA
"359",2021-05-24,22,0,NA,0,NA
"360",2021-05-24,23,0,1,1,"; added on review"
"361",2021-05-25,0,0,1,0,"added on review"
"362",2021-05-25,1,1,1,0,"; added on review"
"363",2021-05-25,2,0,NA,0,NA
"364",2021-05-25,3,1,0,0,NA
"365",2021-05-25,4,0,1,0,"added on review; no sound clip"
"366",2021-05-25,5,1,1,0,"; Added on review"
"367",2021-05-25,6,1,1,0,"Added on review; Added on review"
"368",2021-05-25,7,0,0,1,NA
"369",2021-05-25,8,0,NA,0,NA
"370",2021-05-25,9,1,0,0,NA
"371",2021-05-25,10,0,NA,0,NA
"372",2021-05-25,11,0,NA,0,NA
"373",2021-05-25,12,0,NA,0,NA
"374",2021-05-25,13,0,NA,0,NA
"375",2021-05-25,14,0,NA,0,NA
"376",2021-05-25,15,0,1,0,NA
"377",2021-05-25,16,0,0,1,NA
"378",2021-05-25,17,0,NA,0,NA
"379",2021-05-25,18,0,NA,0,NA
"380",2021-05-25,19,0,NA,0,NA
"381",2021-05-25,20,0,NA,0,NA
"382",2021-05-25,21,0,1,0,NA
"383",2021-05-25,22,0,NA,0,NA
"384",2021-05-25,23,0,NA,0,NA
"385",2021-05-26,0,1,0,0,NA
"386",2021-05-26,1,0,NA,0,NA
"387",2021-05-26,2,0,NA,0,NA
"388",2021-05-26,3,0,1,0,NA
"389",2021-05-26,4,0,NA,0,NA
"390",2021-05-26,5,0,NA,0,NA
"391",2021-05-26,6,0,0,1,NA
"392",2021-05-26,7,0,1,0,NA
"393",2021-05-26,8,0,NA,0,NA
"394",2021-05-26,9,0,NA,0,NA
"395",2021-05-26,10,0,NA,0,NA
"396",2021-05-26,11,0,NA,0,NA
"397",2021-05-26,12,0,NA,0,NA
"398",2021-05-26,13,0,NA,0,NA
"399",2021-05-26,14,0,NA,0,NA
"400",2021-05-26,15,0,NA,0,NA
"401",2021-05-26,16,0,NA,0,NA
"402",2021-05-26,17,0,NA,0,NA
"403",2021-05-26,18,0,NA,0,NA
"404",2021-05-26,19,0,NA,0,NA
"405",2021-05-26,20,0,NA,0,NA
"406",2021-05-26,21,0,NA,0,NA
"407",2021-05-26,22,0,NA,0,NA
"408",2021-05-26,23,0,NA,0,NA
"409",2021-05-27,0,0,NA,0,NA
"410",2021-05-27,1,0,NA,0,NA
"411",2021-05-27,2,0,NA,0,NA
"412",2021-05-27,3,0,1,0,NA
"413",2021-05-27,4,0,NA,0,NA
"414",2021-05-27,5,0,NA,0,NA
"415",2021-05-27,6,0,NA,0,NA
"416",2021-05-27,7,0,1,0,NA
"417",2021-05-27,8,0,1,0,NA
"418",2021-05-27,9,0,0,1,NA
"419",2021-05-27,10,0,NA,0,NA
"420",2021-05-27,11,0,NA,0,NA
"421",2021-05-27,12,3,0,0,NA
"422",2021-05-27,13,0,NA,0,NA
"423",2021-05-27,14,0,NA,0,NA
"424",2021-05-27,15,0,NA,0,NA
"425",2021-05-27,16,0,NA,0,NA
"426",2021-05-27,17,0,NA,0,NA
"427",2021-05-27,18,0,NA,0,NA
"428",2021-05-27,19,0,NA,0,NA
"429",2021-05-27,20,0,NA,0,NA
"430",2021-05-27,21,0,NA,0,NA
"431",2021-05-27,22,0,NA,0,NA
"432",2021-05-27,23,0,1,0,NA
"433",2021-05-28,0,0,NA,0,NA
"434",2021-05-28,1,0,NA,0,NA
"435",2021-05-28,2,0,1,0,NA
"436",2021-05-28,3,0,NA,0,NA
"437",2021-05-28,4,0,0,1,NA
"438",2021-05-28,5,0,NA,0,NA
"439",2021-05-28,6,0,NA,0,NA
"440",2021-05-28,7,0,NA,0,NA
"441",2021-05-28,8,0,NA,0,NA
"442",2021-05-28,9,0,0,1,NA
"443",2021-05-28,10,0,NA,0,NA
"444",2021-05-28,11,0,NA,0,NA
"445",2021-05-28,12,0,NA,0,NA
"446",2021-05-28,13,0,NA,0,NA
"447",2021-05-28,14,0,NA,0,NA
"448",2021-05-28,15,0,NA,0,NA
"449",2021-05-28,16,0,1,0,NA
"450",2021-05-28,17,0,NA,0,NA
"451",2021-05-28,18,0,NA,0,NA
"452",2021-05-28,19,0,NA,0,NA
"453",2021-05-28,20,0,NA,0,NA
"454",2021-05-28,21,0,NA,0,NA
"455",2021-05-28,22,0,NA,0,NA
"456",2021-05-28,23,0,NA,0,NA
"457",2021-05-29,0,0,NA,0,NA
"458",2021-05-29,1,0,NA,0,NA
"459",2021-05-29,2,0,NA,0,NA
"460",2021-05-29,3,0,NA,0,NA
"461",2021-05-29,4,0,NA,0,NA
"462",2021-05-29,5,0,NA,0,NA
"463",2021-05-29,6,0,NA,0,NA
"464",2021-05-29,7,0,NA,0,NA
"465",2021-05-29,8,0,NA,0,NA
"466",2021-05-29,9,0,0,1,NA
"467",2021-05-29,10,0,NA,0,NA
"468",2021-05-29,11,0,NA,0,NA
"469",2021-05-29,12,0,NA,0,NA
"470",2021-05-29,13,0,1,0,NA
"471",2021-05-29,14,0,NA,0,NA
"472",2021-05-29,15,0,1,0,NA
"473",2021-05-29,16,0,NA,0,NA
"474",2021-05-29,17,0,NA,0,NA
"475",2021-05-29,18,0,NA,0,NA
"476",2021-05-29,19,0,NA,0,NA
"477",2021-05-29,20,0,NA,0,NA
"478",2021-05-29,21,0,NA,0,NA
"479",2021-05-29,22,0,NA,0,NA
"480",2021-05-29,23,0,NA,0,NA
"481",2021-05-30,0,0,NA,0,NA
"482",2021-05-30,1,0,NA,0,NA
"483",2021-05-30,2,0,NA,0,NA
"484",2021-05-30,3,0,NA,0,NA
"485",2021-05-30,4,0,NA,0,NA
"486",2021-05-30,5,0,NA,0,NA
"487",2021-05-30,6,0,NA,0,NA
"488",2021-05-30,7,0,NA,0,NA
"489",2021-05-30,8,0,NA,0,NA
"490",2021-05-30,9,0,NA,0,NA
"491",2021-05-30,10,0,NA,0,NA
"492",2021-05-30,11,0,NA,0,NA
"493",2021-05-30,12,0,NA,0,NA
"494",2021-05-30,13,0,NA,0,NA
"495",2021-05-30,14,0,NA,0,NA
"496",2021-05-30,15,0,NA,0,NA
"497",2021-05-30,16,0,NA,0,NA
"498",2021-05-30,17,0,NA,0,NA
"499",2021-05-30,18,0,NA,0,NA
"500",2021-05-30,19,0,NA,0,NA
"501",2021-05-30,20,0,NA,0,NA
"502",2021-05-30,21,0,NA,0,NA
"503",2021-05-30,22,0,NA,0,NA
"504",2021-05-30,23,0,1,0,NA
"505",2021-05-31,0,0,NA,0,NA
"506",2021-05-31,1,0,NA,0,NA
"507",2021-05-31,2,0,NA,0,NA
"508",2021-05-31,3,1,0,0,NA
"509",2021-05-31,4,0,NA,0,NA
"510",2021-05-31,5,0,NA,0,NA
"511",2021-05-31,6,0,NA,0,NA
"512",2021-05-31,7,0,NA,0,NA
"513",2021-05-31,8,0,NA,0,NA
"514",2021-05-31,9,0,NA,0,NA
"515",2021-05-31,10,0,NA,0,NA
"516",2021-05-31,11,0,NA,0,NA
"517",2021-05-31,12,0,NA,0,NA
"518",2021-05-31,13,0,0,1,NA
"519",2021-05-31,14,0,NA,0,NA
"520",2021-05-31,15,0,NA,0,NA
"521",2021-05-31,16,0,NA,0,NA
"522",2021-05-31,17,0,NA,0,NA
"523",2021-05-31,18,0,NA,0,NA
"524",2021-05-31,19,0,NA,0,NA
"525",2021-05-31,20,0,NA,0,NA
"526",2021-05-31,21,0,NA,0,NA
"527",2021-05-31,22,0,NA,0,NA
"528",2021-05-31,23,0,NA,0,NA
"529",2021-06-01,0,0,NA,0,NA
"530",2021-06-01,1,0,NA,0,NA
"531",2021-06-01,2,0,NA,0,NA
"532",2021-06-01,3,0,NA,0,NA
"533",2021-06-01,4,0,NA,0,NA
"534",2021-06-01,5,0,NA,0,NA
"535",2021-06-01,6,0,NA,0,NA
"536",2021-06-01,7,0,NA,0,NA
"537",2021-06-01,8,0,1,0,NA
"538",2021-06-01,9,0,NA,0,NA
"539",2021-06-01,10,0,NA,0,NA
"540",2021-06-01,11,0,NA,0,NA
"541",2021-06-01,12,0,NA,0,NA
"542",2021-06-01,13,0,NA,0,NA
"543",2021-06-01,14,0,1,0,NA
"544",2021-06-01,15,0,NA,0,NA
"545",2021-06-01,16,0,NA,0,NA
"546",2021-06-01,17,0,NA,0,NA
"547",2021-06-01,18,0,NA,0,NA
"548",2021-06-01,19,0,NA,0,NA
"549",2021-06-01,20,0,NA,0,NA
"550",2021-06-01,21,0,NA,0,NA
"551",2021-06-01,22,2,0,0,"; added on review"
"552",2021-06-01,23,0,NA,0,NA
"553",2021-06-02,0,0,1,0,"added on review"
"554",2021-06-02,1,1,1,0,"; added on review"
"555",2021-06-02,2,1,3,0,"added on review; added on review; added on review; added on review"
"556",2021-06-02,3,1,1,0,"added on review; added on review"
"557",2021-06-02,4,1,2,1,"; added on review; added on review; added on review"
"558",2021-06-02,5,0,1,0,NA
"559",2021-06-02,6,1,2,0,"; added on review; added on review"
"560",2021-06-02,7,2,1,0,"; ; added on review"
"561",2021-06-02,8,1,1,0,"; added on review"
"562",2021-06-02,9,0,NA,0,NA
"563",2021-06-02,10,0,NA,0,NA
"564",2021-06-02,11,0,NA,0,NA
"565",2021-06-02,12,0,NA,0,NA
"566",2021-06-02,13,0,NA,0,NA
"567",2021-06-02,14,0,NA,0,NA
"568",2021-06-02,15,0,NA,0,NA
"569",2021-06-02,16,0,NA,0,NA
"570",2021-06-02,17,0,NA,0,NA
"571",2021-06-02,18,0,NA,0,NA
"572",2021-06-02,19,0,NA,0,NA
"573",2021-06-02,20,0,NA,0,NA
"574",2021-06-02,21,0,NA,0,NA
"575",2021-06-02,22,0,1,0,NA
"576",2021-06-02,23,0,1,0,NA
"577",2021-06-03,0,1,1,0,NA
"578",2021-06-03,1,0,NA,0,NA
"579",2021-06-03,2,1,0,1,"; added on review"
"580",2021-06-03,3,0,3,0,"; added on review; added on review"
"581",2021-06-03,4,0,NA,0,NA
"582",2021-06-03,5,0,3,0,"; sound clip; added on review"
"583",2021-06-03,6,0,2,0,"; added on review"
"584",2021-06-03,7,0,1,0,NA
"585",2021-06-03,8,1,0,1,NA
"586",2021-06-03,9,2,0,0,"M at 9:35:45; added on review"
"587",2021-06-03,10,0,NA,0,NA
"588",2021-06-03,11,0,NA,0,NA
"589",2021-06-03,12,0,NA,0,NA
"590",2021-06-03,13,0,NA,0,NA
"591",2021-06-03,14,0,NA,0,NA
"592",2021-06-03,15,0,NA,0,NA
"593",2021-06-03,16,0,NA,0,NA
"594",2021-06-03,17,0,NA,0,NA
"595",2021-06-03,18,0,NA,0,NA
"596",2021-06-03,19,0,NA,0,NA
"597",2021-06-03,20,0,NA,0,NA
"598",2021-06-03,21,0,NA,0,NA
"599",2021-06-03,22,0,1,0,NA
"600",2021-06-03,23,0,1,0,NA
"601",2021-06-04,0,0,NA,0,NA
"602",2021-06-04,1,0,NA,0,NA
"603",2021-06-04,2,1,0,0,NA
"604",2021-06-04,3,0,NA,0,NA
"605",2021-06-04,4,1,0,0,NA
"606",2021-06-04,5,0,NA,0,NA
"607",2021-06-04,6,0,2,0,NA
"608",2021-06-04,7,0,1,0,NA
"609",2021-06-04,8,0,NA,0,NA
"610",2021-06-04,9,0,NA,0,NA
"611",2021-06-04,10,0,NA,0,NA
"612",2021-06-04,11,0,NA,0,NA
"613",2021-06-04,12,0,NA,0,NA
"614",2021-06-04,13,0,1,0,NA
"615",2021-06-04,14,0,NA,0,NA
"616",2021-06-04,15,0,NA,0,NA
"617",2021-06-04,16,0,NA,0,NA
"618",2021-06-04,17,0,NA,0,NA
"619",2021-06-04,18,0,NA,0,NA
"620",2021-06-04,19,0,NA,0,NA
"621",2021-06-04,20,0,NA,0,NA
"622",2021-06-04,21,0,NA,0,NA
"623",2021-06-04,22,1,1,0,"; added on review"
"624",2021-06-04,23,3,1,0,"; added on review; added on review; added on review"
"625",2021-06-05,0,0,2,0,NA
"626",2021-06-05,1,1,0,0,NA
"627",2021-06-05,2,2,0,0,"; added on review"
"628",2021-06-05,3,1,1,0,"added on review; added on review"
"629",2021-06-05,4,0,2,0,"; added on review, no sound clip due to ambient noise"
"630",2021-06-05,5,1,1,0,NA
"631",2021-06-05,6,0,2,0,"; Added on review"
"632",2021-06-05,7,1,1,0,NA
"633",2021-06-05,8,0,1,0,"Added on review"
"634",2021-06-05,9,0,1,0,NA
"635",2021-06-05,10,0,0,1,NA
"636",2021-06-05,11,0,NA,0,NA
"637",2021-06-05,12,0,NA,0,NA
"638",2021-06-05,13,0,NA,0,NA
"639",2021-06-05,14,0,NA,0,NA
"640",2021-06-05,15,0,NA,0,NA
"641",2021-06-05,16,0,NA,0,NA
"642",2021-06-05,17,0,NA,0,NA
"643",2021-06-05,18,0,NA,0,NA
"644",2021-06-05,19,0,NA,0,NA
"645",2021-06-05,20,0,NA,0,NA
"646",2021-06-05,21,0,NA,0,NA
"647",2021-06-05,22,0,NA,0,NA
"648",2021-06-05,23,0,1,0,NA
"649",2021-06-06,0,0,NA,0,NA
"650",2021-06-06,1,0,NA,0,NA
"651",2021-06-06,2,0,NA,0,NA
"652",2021-06-06,3,0,NA,0,NA
"653",2021-06-06,4,0,0,1,NA
"654",2021-06-06,5,0,NA,0,NA
"655",2021-06-06,6,0,NA,0,NA
"656",2021-06-06,7,0,NA,0,NA
"657",2021-06-06,8,0,NA,0,NA
"658",2021-06-06,9,0,1,0,NA
"659",2021-06-06,10,0,NA,0,NA
"660",2021-06-06,11,0,NA,0,NA
"661",2021-06-06,12,0,NA,0,NA
"662",2021-06-06,13,0,NA,0,NA
"663",2021-06-06,14,0,NA,0,NA
"664",2021-06-06,15,0,NA,0,NA
"665",2021-06-06,16,0,NA,0,NA
"666",2021-06-06,17,0,NA,0,NA
"667",2021-06-06,18,0,NA,0,NA
"668",2021-06-06,19,0,NA,0,NA
"669",2021-06-06,20,0,NA,0,NA
"670",2021-06-06,21,0,NA,0,NA
"671",2021-06-06,22,0,NA,0,NA
"672",2021-06-06,23,0,NA,0,NA
"673",2021-06-07,0,0,NA,0,NA
"674",2021-06-07,1,0,NA,0,NA
"675",2021-06-07,2,0,NA,0,NA
"676",2021-06-07,3,0,NA,0,NA
"677",2021-06-07,4,0,NA,0,NA
"678",2021-06-07,5,0,NA,0,NA
"679",2021-06-07,6,0,NA,0,NA
"680",2021-06-07,7,0,NA,0,NA
"681",2021-06-07,8,0,NA,0,NA
"682",2021-06-07,9,0,NA,0,NA
"683",2021-06-07,10,0,NA,0,NA
"684",2021-06-07,11,0,NA,0,NA
"685",2021-06-07,12,0,NA,0,NA
"686",2021-06-07,13,0,NA,0,NA
"687",2021-06-07,14,0,NA,0,NA
"688",2021-06-07,15,0,NA,0,NA
"689",2021-06-07,16,0,NA,0,NA
"690",2021-06-07,17,0,NA,0,NA
"691",2021-06-07,18,0,NA,0,NA
"692",2021-06-07,19,0,NA,0,NA
"693",2021-06-07,20,0,NA,0,NA
"694",2021-06-07,21,0,NA,0,NA
"695",2021-06-07,22,0,NA,0,NA
"696",2021-06-07,23,0,NA,0,NA
"697",2021-06-08,0,0,1,0,NA
"698",2021-06-08,1,0,NA,0,NA
"699",2021-06-08,2,0,NA,0,NA
"700",2021-06-08,3,0,NA,0,NA
"701",2021-06-08,4,0,NA,0,NA
"702",2021-06-08,5,0,NA,0,NA
"703",2021-06-08,6,0,NA,0,NA
"704",2021-06-08,7,0,NA,0,NA
"705",2021-06-08,8,0,NA,0,NA
"706",2021-06-08,9,0,NA,0,NA
"707",2021-06-08,10,0,NA,0,NA
"708",2021-06-08,11,0,NA,0,NA
"709",2021-06-08,12,0,NA,0,NA
"710",2021-06-08,13,0,NA,0,NA
"711",2021-06-08,14,0,NA,0,NA
"712",2021-06-08,15,0,NA,0,NA
"713",2021-06-08,16,0,NA,0,NA
"714",2021-06-08,17,0,NA,0,NA
"715",2021-06-08,18,0,NA,0,NA
"716",2021-06-08,19,0,NA,0,NA
"717",2021-06-08,20,0,NA,0,NA
"718",2021-06-08,21,0,NA,0,NA
"719",2021-06-08,22,0,NA,0,NA
"720",2021-06-08,23,0,NA,0,NA
"721",2021-06-09,0,0,NA,0,NA
"722",2021-06-09,1,0,NA,0,NA
"723",2021-06-09,2,0,NA,0,NA
"724",2021-06-09,3,0,NA,0,NA
"725",2021-06-09,4,0,NA,0,NA
"726",2021-06-09,5,0,NA,0,NA
"727",2021-06-09,6,0,NA,0,NA
"728",2021-06-09,7,0,NA,0,NA
"729",2021-06-09,8,0,NA,0,NA
"730",2021-06-09,9,0,NA,0,NA
"731",2021-06-09,10,0,NA,0,NA
"732",2021-06-09,11,0,NA,0,NA
"733",2021-06-09,12,0,NA,0,NA
"734",2021-06-09,13,0,NA,0,NA
"735",2021-06-09,14,0,NA,0,NA
"736",2021-06-09,15,0,NA,0,NA
"737",2021-06-09,16,0,NA,0,NA
"738",2021-06-09,17,0,NA,0,NA
"739",2021-06-09,18,0,NA,0,NA
"740",2021-06-09,19,0,NA,0,NA
"741",2021-06-09,20,0,NA,0,NA
"742",2021-06-09,21,0,NA,0,NA
"743",2021-06-09,22,0,NA,0,NA
"744",2021-06-09,23,0,1,0,NA
"745",2021-06-10,0,0,NA,0,NA
"746",2021-06-10,1,0,NA,0,NA
"747",2021-06-10,2,0,NA,0,NA
"748",2021-06-10,3,0,NA,0,NA
"749",2021-06-10,4,0,NA,0,NA
"750",2021-06-10,5,0,NA,0,NA
"751",2021-06-10,6,0,NA,0,NA
"752",2021-06-10,7,0,NA,0,NA
"753",2021-06-10,8,0,1,0,NA
"754",2021-06-10,9,0,NA,0,NA
"755",2021-06-10,10,0,NA,0,NA
"756",2021-06-10,11,0,NA,0,NA
"757",2021-06-10,12,0,NA,0,NA
"758",2021-06-10,13,0,NA,0,NA
"759",2021-06-10,14,0,NA,0,NA
"760",2021-06-10,15,0,NA,0,NA
"761",2021-06-10,16,0,NA,0,NA
"762",2021-06-10,17,0,NA,0,NA
"763",2021-06-10,18,0,NA,0,NA
"764",2021-06-10,19,0,NA,0,NA
"765",2021-06-10,20,0,NA,0,NA
"766",2021-06-10,21,0,NA,0,NA
"767",2021-06-10,22,0,1,0,NA
"768",2021-06-10,23,0,2,0,"; added on review"
"769",2021-06-11,0,0,1,0,NA
"770",2021-06-11,1,0,1,0,"added on review"
"771",2021-06-11,2,0,NA,0,NA
"772",2021-06-11,3,0,2,0,NA
"773",2021-06-11,4,0,1,0,NA
"774",2021-06-11,5,1,1,0,NA
"775",2021-06-11,6,0,2,0,"; added on review"
"776",2021-06-11,7,2,0,0,"; added on review"
"777",2021-06-11,8,0,NA,0,NA
"778",2021-06-11,9,0,NA,0,NA
"779",2021-06-11,10,0,NA,0,NA
"780",2021-06-11,11,0,1,0,NA
"781",2021-06-11,12,0,NA,0,NA
"782",2021-06-11,13,0,NA,0,NA
"783",2021-06-11,14,0,NA,0,NA
"784",2021-06-11,15,0,NA,0,NA
"785",2021-06-11,16,0,NA,0,NA
"786",2021-06-11,17,0,NA,0,NA
"787",2021-06-11,18,0,1,0,NA
"788",2021-06-11,19,0,NA,0,NA
"789",2021-06-11,20,0,1,0,NA
"790",2021-06-11,21,0,NA,0,NA
"791",2021-06-11,22,1,2,0,"added on review; added on review, no sound clip due to ambient noise; added on review"
"792",2021-06-11,23,2,0,1,"added on review; added on review; added on review"
"793",2021-06-12,0,1,5,0,"; added on review; added on review; added on review; added on review; added on review"
"794",2021-06-12,1,3,3,0,"added on review; added on review; added on review; added on review; added on review; added on review"
"795",2021-06-12,2,1,2,0,"added on review; added on review; added on review"
"796",2021-06-12,3,2,1,0,"; added on review; added on review"
"797",2021-06-12,4,2,4,0,"; added on review; added on review; added on review; added on review; added on review"
"798",2021-06-12,5,2,2,0,"no sound clip; ; Added on review; Added on review"
"799",2021-06-12,6,1,2,0,"; Added on review; Added on review"
"800",2021-06-12,7,3,3,1,"; Added on review; Added on review; Added on review; Added on review; Added on review; Added on review"
"801",2021-06-12,8,4,0,0,"; Added on review; Added on review; Added on review"
"802",2021-06-12,9,2,0,0,NA
"803",2021-06-12,10,0,NA,0,NA
"804",2021-06-12,11,0,NA,0,NA
"805",2021-06-12,12,0,NA,0,NA
"806",2021-06-12,13,1,0,0,NA
"807",2021-06-12,14,0,1,0,NA
"808",2021-06-12,15,0,1,0,NA
"809",2021-06-12,16,0,1,0,NA
"810",2021-06-12,17,0,NA,0,NA
"811",2021-06-12,18,0,NA,0,NA
"812",2021-06-12,19,0,NA,0,NA
"813",2021-06-12,20,0,NA,0,NA
"814",2021-06-12,21,0,NA,0,NA
"815",2021-06-12,22,2,0,0,"; Added on review"
"816",2021-06-12,23,1,2,0,"; Added on review; Added on review"
"817",2021-06-13,0,0,1,0,NA
"818",2021-06-13,1,1,3,0,"; Added on review; Added on review; Added on review"
"819",2021-06-13,2,1,1,0,"Added on review; Added on review"
"820",2021-06-13,3,1,2,0,"; Added on review; Added on review"
"821",2021-06-13,4,3,0,0,"; Added on review; Added on review"
"822",2021-06-13,5,1,2,0,"; ; Added on review"
"823",2021-06-13,6,1,0,0,NA
"824",2021-06-13,7,0,1,0,NA
"825",2021-06-13,8,0,1,0,NA
"826",2021-06-13,9,0,NA,0,NA
"827",2021-06-13,10,0,NA,0,NA
"828",2021-06-13,11,0,NA,0,NA
"829",2021-06-13,12,0,NA,0,NA
"830",2021-06-13,13,0,NA,0,NA
"831",2021-06-13,14,0,NA,0,NA
"832",2021-06-13,15,0,NA,0,NA
"833",2021-06-13,16,0,NA,0,NA
"834",2021-06-13,17,0,NA,0,NA
"835",2021-06-13,18,0,NA,0,NA
"836",2021-06-13,19,0,NA,0,NA
"837",2021-06-13,20,0,NA,0,NA
"838",2021-06-13,21,0,NA,0,NA
"839",2021-06-13,22,0,NA,0,NA
"840",2021-06-13,23,0,NA,0,NA
"841",2021-06-14,0,0,NA,0,NA
"842",2021-06-14,1,0,NA,0,NA
"843",2021-06-14,2,0,NA,0,NA
"844",2021-06-14,3,0,NA,0,NA
"845",2021-06-14,4,0,NA,0,NA
"846",2021-06-14,5,0,NA,0,NA
"847",2021-06-14,6,0,NA,0,NA
"848",2021-06-14,7,0,NA,0,NA
"849",2021-06-14,8,0,NA,0,NA
"850",2021-06-14,9,0,NA,0,NA
"851",2021-06-14,10,0,NA,0,NA
"852",2021-06-14,11,0,NA,0,NA
"853",2021-06-14,12,0,NA,0,NA
"854",2021-06-14,13,0,NA,0,NA
"855",2021-06-14,14,0,NA,0,NA
"856",2021-06-14,15,0,NA,0,NA
"857",2021-06-14,16,0,NA,0,NA
"858",2021-06-14,17,0,NA,0,NA
"859",2021-06-14,18,0,NA,0,NA
"860",2021-06-14,19,0,NA,0,NA
"861",2021-06-14,20,0,NA,0,NA
"862",2021-06-14,21,0,NA,0,NA
"863",2021-06-14,22,0,NA,0,NA
"864",2021-06-14,23,0,NA,0,NA
"865",2021-06-15,0,0,NA,0,NA
"866",2021-06-15,1,0,NA,0,NA
"867",2021-06-15,2,0,NA,0,NA
"868",2021-06-15,3,0,NA,0,NA
"869",2021-06-15,4,0,NA,0,NA
"870",2021-06-15,5,0,NA,0,NA
"871",2021-06-15,6,0,NA,0,NA
"872",2021-06-15,7,0,NA,0,NA
"873",2021-06-15,8,0,NA,0,NA
"874",2021-06-15,9,0,NA,0,NA
"875",2021-06-15,10,0,NA,0,NA
"876",2021-06-15,11,0,NA,0,NA
"877",2021-06-15,12,0,NA,0,NA
"878",2021-06-15,13,0,NA,0,NA
"879",2021-06-15,14,0,NA,0,NA
"880",2021-06-15,15,0,NA,0,NA
"881",2021-06-15,16,0,NA,0,NA
"882",2021-06-15,17,0,NA,0,NA
"883",2021-06-15,18,0,NA,0,NA
"884",2021-06-15,19,0,NA,0,NA
"885",2021-06-15,20,0,NA,0,NA
"886",2021-06-15,21,0,NA,0,NA
"887",2021-06-15,22,0,1,1,"added on review; added on review; no sound clip due to ambient noise"
"888",2021-06-15,23,0,1,1,"; added on review"
"889",2021-06-16,0,0,2,0,"; added on review"
"890",2021-06-16,1,0,NA,0,NA
"891",2021-06-16,2,1,0,0,NA
"892",2021-06-16,3,0,1,0,"no sound clip due to ambient noise"
"893",2021-06-16,4,0,1,0,NA
"894",2021-06-16,5,0,1,0,NA
"895",2021-06-16,6,0,1,0,NA
"896",2021-06-16,7,0,2,0,"Added on review, no sound clip due to ambient noise; Added on review, no sound clip due to ambient noise"
"897",2021-06-16,8,2,0,0,NA
"898",2021-06-16,9,0,NA,0,NA
"899",2021-06-16,10,1,0,0,NA
"900",2021-06-16,11,0,NA,0,NA
"901",2021-06-16,12,0,NA,0,NA
"902",2021-06-16,13,0,NA,0,NA
"903",2021-06-16,14,0,NA,0,NA
"904",2021-06-16,15,0,NA,0,NA
"905",2021-06-16,16,0,NA,0,NA
"906",2021-06-16,17,0,NA,0,NA
"907",2021-06-16,18,0,NA,0,NA
"908",2021-06-16,19,0,NA,0,NA
"909",2021-06-16,20,0,1,0,NA
"910",2021-06-16,21,0,NA,0,NA
"911",2021-06-16,22,0,NA,0,NA
"912",2021-06-16,23,1,0,0,NA
"913",2021-06-17,0,0,NA,0,NA
"914",2021-06-17,1,0,1,0,NA
"915",2021-06-17,2,0,1,0,NA
"916",2021-06-17,3,0,NA,0,NA
"917",2021-06-17,4,0,NA,0,NA
"918",2021-06-17,5,0,2,0,"; added on review"
"919",2021-06-17,6,0,NA,0,NA
"920",2021-06-17,7,1,3,0,"; added on review; added on review; added on review"
"921",2021-06-17,8,1,0,1,"; added on review"
"922",2021-06-17,9,0,NA,0,NA
"923",2021-06-17,10,0,1,0,NA
"924",2021-06-17,11,0,NA,0,NA
"925",2021-06-17,12,0,NA,0,NA
"926",2021-06-17,13,0,NA,0,NA
"927",2021-06-17,14,0,NA,0,NA
"928",2021-06-17,15,0,NA,0,NA
"929",2021-06-17,16,0,NA,0,NA
"930",2021-06-17,17,0,NA,0,NA
"931",2021-06-17,18,0,NA,0,NA
"932",2021-06-17,19,0,NA,0,NA
"933",2021-06-17,20,0,NA,0,NA
"934",2021-06-17,21,0,NA,0,NA
"935",2021-06-17,22,0,NA,0,NA
"936",2021-06-17,23,0,0,1,NA
"937",2021-06-18,0,0,NA,0,NA
"938",2021-06-18,1,0,NA,0,NA
"939",2021-06-18,2,1,1,0,NA
"940",2021-06-18,3,0,NA,0,NA
"941",2021-06-18,4,0,NA,0,NA
"942",2021-06-18,5,0,NA,0,NA
"943",2021-06-18,6,1,0,0,NA
"944",2021-06-18,7,0,NA,0,NA
"945",2021-06-18,8,0,NA,0,NA
"946",2021-06-18,9,0,1,0,NA
"947",2021-06-18,10,0,NA,0,NA
"948",2021-06-18,11,1,0,0,NA
"949",2021-06-18,12,0,NA,0,NA
"950",2021-06-18,13,0,NA,0,NA
"951",2021-06-18,14,0,NA,0,NA
"952",2021-06-18,15,0,NA,0,NA
"953",2021-06-18,16,0,NA,0,NA
"954",2021-06-18,17,0,NA,0,NA
"955",2021-06-18,18,0,NA,0,NA
"956",2021-06-18,19,0,NA,0,NA
"957",2021-06-18,20,0,NA,0,NA
"958",2021-06-18,21,0,NA,0,NA
"959",2021-06-18,22,0,NA,0,NA
"960",2021-06-18,23,0,NA,0,NA
"961",2021-06-19,0,0,NA,0,NA
"962",2021-06-19,1,0,NA,0,NA
"963",2021-06-19,2,0,NA,0,NA
"964",2021-06-19,3,1,0,0,NA
"965",2021-06-19,4,0,1,0,NA
"966",2021-06-19,5,0,1,0,NA
"967",2021-06-19,6,0,NA,0,NA
"968",2021-06-19,7,0,NA,0,NA
"969",2021-06-19,8,0,NA,0,NA
"970",2021-06-19,9,0,NA,0,NA
"971",2021-06-19,10,0,NA,0,NA
"972",2021-06-19,11,0,NA,0,NA
"973",2021-06-19,12,0,NA,0,NA
"974",2021-06-19,13,0,NA,0,NA
"975",2021-06-19,14,0,NA,0,NA
"976",2021-06-19,15,0,NA,0,NA
"977",2021-06-19,16,0,NA,0,NA
"978",2021-06-19,17,0,NA,0,NA
"979",2021-06-19,18,0,NA,0,NA
"980",2021-06-19,19,0,NA,0,NA
"981",2021-06-19,20,0,NA,0,NA
"982",2021-06-19,21,0,NA,0,NA
"983",2021-06-19,22,0,NA,0,NA
"984",2021-06-19,23,0,NA,0,NA
"985",2021-06-20,0,0,NA,0,NA
"986",2021-06-20,1,0,NA,0,NA
"987",2021-06-20,2,0,NA,0,NA
"988",2021-06-20,3,0,NA,0,NA
"989",2021-06-20,4,0,NA,0,NA
"990",2021-06-20,5,0,NA,0,NA
"991",2021-06-20,6,0,NA,0,NA
"992",2021-06-20,7,0,NA,0,NA
"993",2021-06-20,8,0,NA,0,NA
"994",2021-06-20,9,0,NA,0,NA
"995",2021-06-20,10,0,NA,0,NA
"996",2021-06-20,11,0,NA,0,NA
"997",2021-06-20,12,0,NA,0,NA
"998",2021-06-20,13,0,NA,0,NA
"999",2021-06-20,14,0,NA,0,NA
"1000",2021-06-20,15,0,NA,0,NA
"1001",2021-06-20,16,0,NA,0,NA
"1002",2021-06-20,17,0,NA,0,NA
"1003",2021-06-20,18,0,NA,0,NA
"1004",2021-06-20,19,0,NA,0,NA
"1005",2021-06-20,20,0,NA,0,NA
"1006",2021-06-20,21,0,NA,0,NA
"1007",2021-06-20,22,0,NA,0,NA
"1008",2021-06-20,23,0,NA,0,NA
"1009",2021-06-21,0,0,NA,0,NA
"1010",2021-06-21,1,0,NA,0,NA
"1011",2021-06-21,2,0,NA,0,NA
"1012",2021-06-21,3,0,NA,0,NA
"1013",2021-06-21,4,0,NA,0,NA
"1014",2021-06-21,5,0,NA,0,NA
"1015",2021-06-21,6,0,NA,0,NA
"1016",2021-06-21,7,0,NA,0,NA
"1017",2021-06-21,8,0,NA,0,NA
"1018",2021-06-21,9,0,NA,0,NA
"1019",2021-06-21,10,0,NA,0,NA
"1020",2021-06-21,11,0,NA,0,NA
"1021",2021-06-21,12,0,NA,0,NA
"1022",2021-06-21,13,0,NA,0,NA
"1023",2021-06-21,14,0,NA,0,NA
"1024",2021-06-21,15,0,NA,0,NA
"1025",2021-06-21,16,0,NA,0,NA
"1026",2021-06-21,17,0,NA,0,NA
"1027",2021-06-21,18,0,NA,0,NA
"1028",2021-06-21,19,0,NA,0,NA
"1029",2021-06-21,20,0,NA,0,NA
"1030",2021-06-21,21,0,NA,0,NA
"1031",2021-06-21,22,0,NA,0,NA
"1032",2021-06-21,23,0,NA,0,NA
"1033",2021-06-22,0,0,NA,0,NA
"1034",2021-06-22,1,0,NA,0,NA
"1035",2021-06-22,2,0,1,0,NA
"1036",2021-06-22,3,0,NA,0,NA
"1037",2021-06-22,4,0,NA,0,NA
"1038",2021-06-22,5,0,NA,0,NA
"1039",2021-06-22,6,0,NA,0,NA
"1040",2021-06-22,7,0,NA,0,NA
"1041",2021-06-22,8,0,NA,0,NA
"1042",2021-06-22,9,0,NA,0,NA
"1043",2021-06-22,10,0,NA,0,NA
"1044",2021-06-22,11,0,NA,0,NA
"1045",2021-06-22,12,0,NA,0,NA
"1046",2021-06-22,13,0,NA,0,NA
"1047",2021-06-22,14,0,NA,0,NA
"1048",2021-06-22,15,0,NA,0,NA
"1049",2021-06-22,16,0,NA,0,NA
"1050",2021-06-22,17,0,NA,0,NA
"1051",2021-06-22,18,0,NA,0,NA
"1052",2021-06-22,19,0,NA,0,NA
"1053",2021-06-22,20,0,NA,0,NA
"1054",2021-06-22,21,0,NA,0,NA
"1055",2021-06-22,22,0,NA,0,NA
"1056",2021-06-22,23,0,NA,0,NA
"1057",2021-06-23,0,0,1,0,NA
"1058",2021-06-23,1,0,2,0,"; added on review"
"1059",2021-06-23,2,0,NA,0,NA
"1060",2021-06-23,3,0,NA,0,NA
"1061",2021-06-23,4,0,NA,0,NA
"1062",2021-06-23,5,0,NA,0,NA
"1063",2021-06-23,6,0,NA,0,NA
"1064",2021-06-23,7,0,NA,0,NA
"1065",2021-06-23,8,0,NA,0,NA
"1066",2021-06-23,9,0,NA,0,NA
"1067",2021-06-23,10,1,0,0,NA
"1068",2021-06-23,11,0,NA,0,NA
"1069",2021-06-23,12,0,NA,0,NA
"1070",2021-06-23,13,0,NA,0,NA
"1071",2021-06-23,14,0,NA,0,NA
"1072",2021-06-23,15,0,NA,0,NA
"1073",2021-06-23,16,0,NA,0,NA
"1074",2021-06-23,17,0,NA,0,NA
"1075",2021-06-23,18,0,NA,0,NA
"1076",2021-06-23,19,0,NA,0,NA
"1077",2021-06-23,20,0,NA,0,NA
"1078",2021-06-23,21,0,1,0,NA
"1079",2021-06-23,22,0,1,0,NA
"1080",2021-06-23,23,0,2,0,"; Added on review"
"1081",2021-06-24,0,0,3,1,"; Added on review; no sound clip due to overlapping vessel noise; Added on review; Added on review"
"1082",2021-06-24,1,1,2,0,"Added on review; Added on review; Added on review"
"1083",2021-06-24,2,1,3,0,"; Added on review; Added on review; Added on review"
"1084",2021-06-24,3,1,1,0,"Added on review; Added on review"
"1085",2021-06-24,4,1,1,0,"Added on review; Added on review"
"1086",2021-06-24,5,0,1,0,"Added on review"
"1087",2021-06-24,6,2,1,1,"; added on review; added on review; added on review"
"1088",2021-06-24,7,4,2,1,"; added on review; added on review; added on review; added on review; added on review; added on review"
"1089",2021-06-24,8,1,2,0,"; added on review, no sound clip due to ambient noise; added on review"
"1090",2021-06-24,9,1,1,0,"added on review; added on review"
"1091",2021-06-24,10,0,NA,0,NA
"1092",2021-06-24,11,0,NA,0,NA
"1093",2021-06-24,12,0,NA,0,NA
"1094",2021-06-24,13,0,NA,0,NA
"1095",2021-06-24,14,0,NA,0,NA
"1096",2021-06-24,15,0,NA,0,NA
"1097",2021-06-24,16,0,NA,0,NA
"1098",2021-06-24,17,0,NA,0,NA
"1099",2021-06-24,18,0,NA,0,NA
"1100",2021-06-24,19,0,1,0,NA
"1101",2021-06-24,20,0,NA,0,NA
"1102",2021-06-24,21,0,NA,0,NA
"1103",2021-06-24,22,1,0,0,NA
"1104",2021-06-24,23,0,NA,0,NA
"1105",2021-06-25,0,1,0,0,NA
"1106",2021-06-25,1,0,NA,0,NA
"1107",2021-06-25,2,0,NA,0,NA
"1108",2021-06-25,3,1,0,0,NA
"1109",2021-06-25,4,0,NA,0,NA
"1110",2021-06-25,5,0,1,0,NA
"1111",2021-06-25,6,0,1,0,"added on review"
"1112",2021-06-25,7,1,3,0,"; ; no sound clip due to ambient noise; added on review; no sound clip due to ambient noise"
"1113",2021-06-25,8,1,1,0,"added on review; added on review"
"1114",2021-06-25,9,0,1,0,NA
"1115",2021-06-25,10,0,NA,0,NA
"1116",2021-06-25,11,0,NA,0,NA
"1117",2021-06-25,12,0,NA,0,NA
"1118",2021-06-25,13,0,NA,0,NA
"1119",2021-06-25,14,0,NA,0,NA
"1120",2021-06-25,15,0,NA,0,NA
"1121",2021-06-25,16,0,NA,0,NA
"1122",2021-06-25,17,0,1,0,NA
"1123",2021-06-25,18,0,NA,0,NA
"1124",2021-06-25,19,0,NA,0,NA
"1125",2021-06-25,20,0,NA,0,NA
"1126",2021-06-25,21,0,NA,0,NA
"1127",2021-06-25,22,0,NA,0,NA
"1128",2021-06-25,23,0,NA,0,NA
"1129",2021-06-26,0,0,NA,0,NA
"1130",2021-06-26,1,0,NA,0,NA
"1131",2021-06-26,2,0,1,0,NA
"1132",2021-06-26,3,0,1,0,NA
"1133",2021-06-26,4,0,NA,0,NA
"1134",2021-06-26,5,0,NA,0,NA
"1135",2021-06-26,6,0,NA,0,NA
"1136",2021-06-26,7,0,NA,0,NA
"1137",2021-06-26,8,0,NA,0,NA
"1138",2021-06-26,9,0,NA,0,NA
"1139",2021-06-26,10,0,NA,0,NA
"1140",2021-06-26,11,0,NA,0,NA
"1141",2021-06-26,12,0,NA,0,NA
"1142",2021-06-26,13,0,NA,0,NA
"1143",2021-06-26,14,0,NA,0,NA
"1144",2021-06-26,15,0,NA,0,NA
"1145",2021-06-26,16,0,NA,0,NA
"1146",2021-06-26,17,0,NA,0,NA
"1147",2021-06-26,18,0,NA,0,NA
"1148",2021-06-26,19,0,NA,0,NA
"1149",2021-06-26,20,0,NA,0,NA
"1150",2021-06-26,21,0,NA,0,NA
"1151",2021-06-26,22,0,NA,0,NA
"1152",2021-06-26,23,0,NA,0,NA
"1153",2021-06-27,0,0,NA,0,NA
"1154",2021-06-27,1,0,NA,0,NA
"1155",2021-06-27,2,0,NA,0,NA
"1156",2021-06-27,3,0,NA,0,NA
"1157",2021-06-27,4,0,NA,0,NA
"1158",2021-06-27,5,0,NA,0,NA
"1159",2021-06-27,6,0,NA,0,NA
"1160",2021-06-27,7,0,NA,0,NA
"1161",2021-06-27,8,0,NA,0,NA
"1162",2021-06-27,9,0,NA,0,NA
"1163",2021-06-27,10,0,NA,0,NA
"1164",2021-06-27,11,0,NA,0,NA
"1165",2021-06-27,12,0,NA,0,NA
"1166",2021-06-27,13,0,NA,0,NA
"1167",2021-06-27,14,0,NA,0,NA
"1168",2021-06-27,15,0,NA,0,NA
"1169",2021-06-27,16,0,NA,0,NA
"1170",2021-06-27,17,0,NA,0,NA
"1171",2021-06-27,18,0,NA,0,NA
"1172",2021-06-27,19,0,NA,0,NA
"1173",2021-06-27,20,0,NA,0,NA
"1174",2021-06-27,21,0,NA,0,NA
"1175",2021-06-27,22,0,NA,0,NA
"1176",2021-06-27,23,0,NA,0,NA
"1177",2021-06-28,0,0,NA,0,NA
"1178",2021-06-28,1,0,NA,0,NA
"1179",2021-06-28,2,0,NA,0,NA
"1180",2021-06-28,3,0,NA,0,NA
"1181",2021-06-28,4,0,NA,0,NA
"1182",2021-06-28,5,0,NA,0,NA
"1183",2021-06-28,6,0,NA,0,NA
"1184",2021-06-28,7,0,NA,0,NA
"1185",2021-06-28,8,0,NA,0,NA
"1186",2021-06-28,9,0,NA,0,NA
"1187",2021-06-28,10,0,NA,0,NA
"1188",2021-06-28,11,0,NA,0,NA
"1189",2021-06-28,12,0,NA,0,NA
"1190",2021-06-28,13,0,NA,0,NA
"1191",2021-06-28,14,0,NA,0,NA
"1192",2021-06-28,15,0,NA,0,NA
"1193",2021-06-28,16,0,NA,0,NA
"1194",2021-06-28,17,0,NA,0,NA
"1195",2021-06-28,18,0,NA,0,NA
"1196",2021-06-28,19,0,NA,0,NA
"1197",2021-06-28,20,0,NA,0,NA
"1198",2021-06-28,21,0,NA,0,NA
"1199",2021-06-28,22,0,NA,0,NA
"1200",2021-06-28,23,0,NA,0,NA
"1201",2021-06-29,0,0,NA,0,NA
"1202",2021-06-29,1,0,NA,0,NA
"1203",2021-06-29,2,0,NA,0,NA
"1204",2021-06-29,3,0,NA,0,NA
"1205",2021-06-29,4,0,NA,0,NA
"1206",2021-06-29,5,0,NA,0,NA
"1207",2021-06-29,6,0,NA,0,NA
"1208",2021-06-29,7,0,NA,0,NA
"1209",2021-06-29,8,0,NA,0,NA
"1210",2021-06-29,9,0,NA,0,NA
"1211",2021-06-29,10,0,NA,0,NA
"1212",2021-06-29,11,0,NA,0,NA
"1213",2021-06-29,12,0,1,0,NA
"1214",2021-06-29,13,0,NA,0,NA
"1215",2021-06-29,14,0,NA,0,NA
"1216",2021-06-29,15,0,NA,0,NA
"1217",2021-06-29,16,0,NA,0,NA
"1218",2021-06-29,17,0,NA,0,NA
"1219",2021-06-29,18,0,NA,0,NA
"1220",2021-06-29,19,0,NA,0,NA
"1221",2021-06-29,20,0,NA,0,NA
"1222",2021-06-29,21,0,NA,0,NA
"1223",2021-06-29,22,0,NA,0,NA
"1224",2021-06-29,23,0,1,0,NA
"1225",2021-06-30,0,0,NA,0,NA
"1226",2021-06-30,1,0,NA,0,NA
"1227",2021-06-30,2,0,NA,0,NA
"1228",2021-06-30,3,0,NA,0,NA
"1229",2021-06-30,4,0,NA,0,NA
"1230",2021-06-30,5,0,NA,0,NA
"1231",2021-06-30,6,0,NA,0,NA
"1232",2021-06-30,7,0,NA,0,NA
"1233",2021-06-30,8,0,NA,0,NA
"1234",2021-06-30,9,0,NA,0,NA
"1235",2021-06-30,10,0,NA,0,NA
"1236",2021-06-30,11,0,NA,0,NA
"1237",2021-06-30,12,0,NA,0,NA
"1238",2021-06-30,13,0,NA,0,NA
"1239",2021-06-30,14,0,NA,0,NA
"1240",2021-06-30,15,0,NA,0,NA
"1241",2021-06-30,16,0,NA,0,NA
"1242",2021-06-30,17,0,NA,0,NA
"1243",2021-06-30,18,0,NA,0,NA
"1244",2021-06-30,19,0,NA,0,NA
"1245",2021-06-30,20,0,NA,0,NA
"1246",2021-06-30,21,0,NA,0,NA
"1247",2021-06-30,22,0,NA,0,NA
"1248",2021-06-30,23,0,NA,0,NA
"1249",2021-07-01,0,0,NA,0,NA
"1250",2021-07-01,1,0,NA,0,NA
"1251",2021-07-01,2,0,NA,0,NA
"1252",2021-07-01,3,0,NA,0,NA
"1253",2021-07-01,4,0,NA,0,NA
"1254",2021-07-01,5,0,NA,0,NA
"1255",2021-07-01,6,0,NA,0,NA
"1256",2021-07-01,7,0,NA,0,NA
"1257",2021-07-01,8,0,NA,0,NA
"1258",2021-07-01,9,0,NA,0,NA
"1259",2021-07-01,10,0,NA,0,NA
"1260",2021-07-01,11,0,NA,0,NA
"1261",2021-07-01,12,0,NA,0,NA
"1262",2021-07-01,13,0,NA,0,NA
"1263",2021-07-01,14,0,NA,0,NA
"1264",2021-07-01,15,0,NA,0,NA
"1265",2021-07-01,16,0,NA,0,NA
"1266",2021-07-01,17,0,NA,0,NA
"1267",2021-07-01,18,0,NA,0,NA
"1268",2021-07-01,19,0,NA,0,NA
"1269",2021-07-01,20,0,NA,0,NA
"1270",2021-07-01,21,1,0,0,NA
"1271",2021-07-01,22,0,NA,0,NA
"1272",2021-07-01,23,0,1,0,NA
"1273",2021-07-02,0,0,NA,0,NA
"1274",2021-07-02,1,1,1,0,NA
"1275",2021-07-02,2,0,NA,0,NA
"1276",2021-07-02,3,0,2,0,NA
"1277",2021-07-02,4,0,NA,0,NA
"1278",2021-07-02,5,0,NA,0,NA
"1279",2021-07-02,6,0,NA,0,NA
"1280",2021-07-02,7,0,NA,0,NA
"1281",2021-07-02,8,0,NA,0,NA
"1282",2021-07-02,9,1,0,0,NA
"1283",2021-07-02,10,1,0,0,NA
"1284",2021-07-02,11,0,1,0,NA
"1285",2021-07-02,12,0,NA,0,NA
"1286",2021-07-02,13,1,0,0,NA
"1287",2021-07-02,14,0,1,0,NA
"1288",2021-07-02,15,0,1,0,NA
"1289",2021-07-02,16,0,NA,0,NA
"1290",2021-07-02,17,0,NA,0,NA
"1291",2021-07-02,18,0,NA,0,NA
"1292",2021-07-02,19,0,NA,0,NA
"1293",2021-07-02,20,0,1,0,NA
"1294",2021-07-02,21,0,NA,0,NA
"1295",2021-07-02,22,0,NA,0,NA
"1296",2021-07-02,23,1,1,0,NA
"1297",2021-07-03,0,0,NA,0,NA
"1298",2021-07-03,1,0,1,0,NA
"1299",2021-07-03,2,1,1,0,NA
"1300",2021-07-03,3,0,NA,0,NA
"1301",2021-07-03,4,0,1,0,NA
"1302",2021-07-03,5,0,1,0,NA
"1303",2021-07-03,6,0,1,0,"added on review"
"1304",2021-07-03,7,0,0,1,NA
"1305",2021-07-03,8,0,NA,0,NA
"1306",2021-07-03,9,0,NA,0,NA
"1307",2021-07-03,10,0,NA,0,NA
"1308",2021-07-03,11,0,NA,0,NA
"1309",2021-07-03,12,0,NA,0,NA
"1310",2021-07-03,13,0,NA,0,NA
"1311",2021-07-03,14,0,NA,0,NA
"1312",2021-07-03,15,0,NA,0,NA
"1313",2021-07-03,16,0,NA,0,NA
"1314",2021-07-03,17,0,NA,0,NA
"1315",2021-07-03,18,0,NA,0,NA
"1316",2021-07-03,19,0,NA,0,NA
"1317",2021-07-03,20,0,NA,0,NA
"1318",2021-07-03,21,0,NA,0,NA
"1319",2021-07-03,22,0,NA,0,NA
"1320",2021-07-03,23,0,NA,0,NA
"1321",2021-07-04,0,0,NA,0,NA
"1322",2021-07-04,1,0,NA,0,NA
"1323",2021-07-04,2,0,NA,0,NA
"1324",2021-07-04,3,0,NA,0,NA
"1325",2021-07-04,4,0,NA,0,NA
"1326",2021-07-04,5,0,NA,0,NA
"1327",2021-07-04,6,0,NA,0,NA
"1328",2021-07-04,7,0,NA,0,NA
"1329",2021-07-04,8,0,NA,0,NA
"1330",2021-07-04,9,0,NA,0,NA
"1331",2021-07-04,10,0,NA,0,NA
"1332",2021-07-04,11,0,NA,0,NA
"1333",2021-07-04,12,0,NA,0,NA
"1334",2021-07-04,13,0,NA,0,NA
"1335",2021-07-04,14,0,NA,0,NA
"1336",2021-07-04,15,0,NA,0,NA
"1337",2021-07-04,16,0,NA,0,NA
"1338",2021-07-04,17,0,NA,0,NA
"1339",2021-07-04,18,0,NA,0,NA
"1340",2021-07-04,19,0,NA,0,NA
"1341",2021-07-04,20,0,NA,0,NA
"1342",2021-07-04,21,0,NA,0,NA
"1343",2021-07-04,22,0,NA,0,NA
"1344",2021-07-04,23,0,NA,0,NA
"1345",2021-07-05,0,0,NA,0,NA
"1346",2021-07-05,1,0,NA,0,NA
"1347",2021-07-05,2,0,NA,0,NA
"1348",2021-07-05,3,0,NA,0,NA
"1349",2021-07-05,4,0,NA,0,NA
"1350",2021-07-05,5,0,NA,0,NA
"1351",2021-07-05,6,0,NA,0,NA
"1352",2021-07-05,7,0,NA,0,NA
"1353",2021-07-05,8,0,0,1,NA
"1354",2021-07-05,9,0,NA,0,NA
"1355",2021-07-05,10,0,NA,0,NA
"1356",2021-07-05,11,0,NA,0,NA
"1357",2021-07-05,12,0,NA,0,NA
"1358",2021-07-05,13,0,NA,0,NA
"1359",2021-07-05,14,0,NA,0,NA
"1360",2021-07-05,15,0,NA,0,NA
"1361",2021-07-05,16,0,NA,0,NA
"1362",2021-07-05,17,0,NA,0,NA
"1363",2021-07-05,18,0,NA,0,NA
"1364",2021-07-05,19,0,NA,0,NA
"1365",2021-07-05,20,0,NA,0,NA
"1366",2021-07-05,21,0,NA,0,NA
"1367",2021-07-05,22,0,NA,0,NA
"1368",2021-07-05,23,0,NA,0,NA
"1369",2021-07-06,0,0,NA,0,NA
"1370",2021-07-06,1,0,NA,0,NA
"1371",2021-07-06,2,0,NA,0,NA
"1372",2021-07-06,3,0,NA,0,NA
"1373",2021-07-06,4,0,NA,0,NA
"1374",2021-07-06,5,0,NA,0,NA
"1375",2021-07-06,6,0,NA,0,NA
"1376",2021-07-06,7,0,NA,0,NA
"1377",2021-07-06,8,0,NA,0,NA
"1378",2021-07-06,9,0,NA,0,NA
"1379",2021-07-06,10,0,NA,0,NA
"1380",2021-07-06,11,0,NA,0,NA
"1381",2021-07-06,12,0,NA,0,NA
"1382",2021-07-06,13,0,NA,0,NA
"1383",2021-07-06,14,0,NA,0,NA
"1384",2021-07-06,15,0,NA,0,NA
"1385",2021-07-06,16,0,NA,0,NA
"1386",2021-07-06,17,0,NA,0,NA
"1387",2021-07-06,18,0,NA,0,NA
"1388",2021-07-06,19,0,NA,0,NA
"1389",2021-07-06,20,0,NA,0,NA
"1390",2021-07-06,21,0,NA,0,NA
"1391",2021-07-06,22,0,NA,0,NA
"1392",2021-07-06,23,0,NA,0,NA
"1393",2021-07-07,0,0,NA,0,NA
"1394",2021-07-07,1,0,NA,0,NA
"1395",2021-07-07,2,0,NA,0,NA
"1396",2021-07-07,3,0,NA,0,NA
"1397",2021-07-07,4,0,NA,0,NA
"1398",2021-07-07,5,0,NA,0,NA
"1399",2021-07-07,6,0,NA,0,NA
"1400",2021-07-07,7,0,1,0,NA
"1401",2021-07-07,8,0,NA,0,NA
"1402",2021-07-07,9,0,NA,0,NA
"1403",2021-07-07,10,0,NA,0,NA
"1404",2021-07-07,11,0,NA,0,NA
"1405",2021-07-07,12,0,NA,0,NA
"1406",2021-07-07,13,0,NA,0,NA
"1407",2021-07-07,14,0,NA,0,NA
"1408",2021-07-07,15,0,NA,0,NA
"1409",2021-07-07,16,0,NA,0,NA
"1410",2021-07-07,17,0,NA,0,NA
"1411",2021-07-07,18,0,NA,0,NA
"1412",2021-07-07,19,0,NA,0,NA
"1413",2021-07-07,20,0,NA,0,NA
"1414",2021-07-07,21,0,NA,0,NA
"1415",2021-07-07,22,0,NA,0,NA
"1416",2021-07-07,23,0,0,1,NA
"1417",2021-07-08,0,0,NA,0,NA
"1418",2021-07-08,1,0,NA,0,NA
"1419",2021-07-08,2,0,NA,0,NA
"1420",2021-07-08,3,0,NA,0,NA
"1421",2021-07-08,4,0,NA,0,NA
"1422",2021-07-08,5,0,NA,0,NA
"1423",2021-07-08,6,0,NA,0,NA
"1424",2021-07-08,7,0,NA,0,NA
"1425",2021-07-08,8,0,NA,0,NA
"1426",2021-07-08,9,0,NA,0,NA
"1427",2021-07-08,10,0,NA,0,NA
"1428",2021-07-08,11,0,NA,0,NA
"1429",2021-07-08,12,0,NA,0,NA
"1430",2021-07-08,13,0,NA,0,NA
"1431",2021-07-08,14,0,NA,0,NA
"1432",2021-07-08,15,0,NA,0,NA
"1433",2021-07-08,16,0,NA,0,NA
"1434",2021-07-08,17,0,NA,0,NA
"1435",2021-07-08,18,0,NA,0,NA
"1436",2021-07-08,19,0,NA,0,NA
"1437",2021-07-08,20,0,NA,0,NA
"1438",2021-07-08,21,0,NA,0,NA
"1439",2021-07-08,22,0,NA,0,NA
"1440",2021-07-08,23,0,NA,0,NA
"1441",2021-07-09,0,0,NA,0,NA
"1442",2021-07-09,1,0,NA,0,NA
"1443",2021-07-09,2,0,NA,0,NA
"1444",2021-07-09,3,0,NA,0,NA
"1445",2021-07-09,4,0,NA,0,NA
"1446",2021-07-09,5,0,NA,0,NA
"1447",2021-07-09,6,0,NA,0,NA
"1448",2021-07-09,7,0,NA,0,NA
"1449",2021-07-09,8,0,NA,0,NA
"1450",2021-07-09,9,0,NA,0,NA
"1451",2021-07-09,10,0,NA,0,NA
"1452",2021-07-09,11,0,NA,0,NA
"1453",2021-07-09,12,0,NA,0,NA
"1454",2021-07-09,13,0,NA,0,NA
"1455",2021-07-09,14,0,NA,0,NA
"1456",2021-07-09,15,0,NA,0,NA
"1457",2021-07-09,16,0,NA,0,NA
"1458",2021-07-09,17,0,NA,0,NA
"1459",2021-07-09,18,0,NA,0,NA
"1460",2021-07-09,19,0,NA,0,NA
"1461",2021-07-09,20,0,NA,0,NA
"1462",2021-07-09,21,0,NA,0,NA
"1463",2021-07-09,22,0,NA,0,NA
"1464",2021-07-09,23,0,NA,0,NA
"1465",2021-07-10,0,0,NA,0,NA
"1466",2021-07-10,1,0,NA,0,NA
"1467",2021-07-10,2,0,1,0,NA
"1468",2021-07-10,3,0,NA,0,NA
"1469",2021-07-10,4,0,NA,0,NA
"1470",2021-07-10,5,0,NA,0,NA
"1471",2021-07-10,6,1,1,0,NA
"1472",2021-07-10,7,0,1,0,NA
"1473",2021-07-10,8,1,0,0,NA
"1474",2021-07-10,9,1,0,0,NA
"1475",2021-07-10,10,0,NA,0,NA
"1476",2021-07-10,11,0,0,1,NA
"1477",2021-07-10,12,0,NA,0,NA
"1478",2021-07-10,13,0,1,0,NA
"1479",2021-07-10,14,0,NA,0,NA
"1480",2021-07-10,15,0,NA,0,NA
"1481",2021-07-10,16,0,1,0,NA
"1482",2021-07-10,17,0,NA,0,NA
"1483",2021-07-10,18,0,NA,0,NA
"1484",2021-07-10,19,0,NA,0,NA
"1485",2021-07-10,20,0,NA,0,NA
"1486",2021-07-10,21,0,NA,0,NA
"1487",2021-07-10,22,0,NA,0,NA
"1488",2021-07-10,23,0,NA,0,NA
"1489",2021-07-11,0,0,NA,0,NA
"1490",2021-07-11,1,0,NA,0,NA
"1491",2021-07-11,2,0,NA,0,NA
"1492",2021-07-11,3,0,NA,0,NA
"1493",2021-07-11,4,0,NA,0,NA
"1494",2021-07-11,5,0,NA,0,NA
"1495",2021-07-11,6,0,NA,0,NA
"1496",2021-07-11,7,0,NA,0,NA
"1497",2021-07-11,8,0,NA,0,NA
"1498",2021-07-11,9,0,NA,0,NA
"1499",2021-07-11,10,0,NA,0,NA
"1500",2021-07-11,11,0,NA,0,NA
"1501",2021-07-11,12,0,NA,0,NA
"1502",2021-07-11,13,0,NA,0,NA
"1503",2021-07-11,14,0,NA,0,NA
"1504",2021-07-11,15,0,NA,0,NA
"1505",2021-07-11,16,0,NA,0,NA
"1506",2021-07-11,17,0,NA,0,NA
"1507",2021-07-11,18,0,NA,0,NA
"1508",2021-07-11,19,0,NA,0,NA
"1509",2021-07-11,20,0,NA,0,NA
"1510",2021-07-11,21,0,NA,0,NA
"1511",2021-07-11,22,0,NA,0,NA
"1512",2021-07-11,23,0,NA,0,NA
"1513",2021-07-12,0,0,NA,0,NA
"1514",2021-07-12,1,0,NA,0,NA
"1515",2021-07-12,2,0,NA,0,NA
"1516",2021-07-12,3,0,NA,0,NA
"1517",2021-07-12,4,0,NA,0,NA
"1518",2021-07-12,5,0,NA,0,NA
"1519",2021-07-12,6,0,NA,0,NA
"1520",2021-07-12,7,0,NA,0,NA
"1521",2021-07-12,8,0,NA,0,NA
"1522",2021-07-12,9,0,NA,0,NA
"1523",2021-07-12,10,0,NA,0,NA
"1524",2021-07-12,11,0,NA,0,NA
"1525",2021-07-12,12,0,NA,0,NA
"1526",2021-07-12,13,0,NA,0,NA
"1527",2021-07-12,14,0,NA,0,NA
"1528",2021-07-12,15,0,NA,0,NA
"1529",2021-07-12,16,0,NA,0,NA
"1530",2021-07-12,17,0,NA,0,NA
"1531",2021-07-12,18,0,NA,0,NA
"1532",2021-07-12,19,0,NA,0,NA
"1533",2021-07-12,20,0,NA,0,NA
"1534",2021-07-12,21,0,NA,0,NA
"1535",2021-07-12,22,0,NA,0,NA
"1536",2021-07-12,23,0,NA,0,NA
"1537",2021-07-13,0,0,NA,0,NA
"1538",2021-07-13,1,0,NA,0,NA
"1539",2021-07-13,2,0,NA,0,NA
"1540",2021-07-13,3,0,NA,0,NA
"1541",2021-07-13,4,0,NA,0,NA
"1542",2021-07-13,5,0,NA,0,NA
"1543",2021-07-13,6,0,NA,0,NA
"1544",2021-07-13,7,0,NA,0,NA
"1545",2021-07-13,8,0,NA,0,NA
"1546",2021-07-13,9,0,NA,0,NA
"1547",2021-07-13,10,0,NA,0,NA
"1548",2021-07-13,11,0,NA,0,NA
"1549",2021-07-13,12,0,NA,0,NA
"1550",2021-07-13,13,0,NA,0,NA
"1551",2021-07-13,14,0,NA,0,NA
"1552",2021-07-13,15,0,NA,0,NA
"1553",2021-07-13,16,0,NA,0,NA
"1554",2021-07-13,17,0,NA,0,NA
"1555",2021-07-13,18,0,NA,0,NA
"1556",2021-07-13,19,0,NA,0,NA
"1557",2021-07-13,20,0,NA,0,NA
"1558",2021-07-13,21,0,NA,0,NA
"1559",2021-07-13,22,0,NA,0,NA
"1560",2021-07-13,23,0,NA,0,NA
"1561",2021-07-14,0,0,NA,0,NA
"1562",2021-07-14,1,0,2,0,NA
"1563",2021-07-14,2,0,NA,0,NA
"1564",2021-07-14,3,0,NA,0,NA
"1565",2021-07-14,4,0,NA,0,NA
"1566",2021-07-14,5,0,NA,0,NA
"1567",2021-07-14,6,0,NA,0,NA
"1568",2021-07-14,7,0,NA,0,NA
"1569",2021-07-14,8,0,NA,0,NA
"1570",2021-07-14,9,0,NA,0,NA
"1571",2021-07-14,10,0,NA,0,NA
"1572",2021-07-14,11,0,NA,0,NA
"1573",2021-07-14,12,0,NA,0,NA
"1574",2021-07-14,13,0,NA,0,NA
"1575",2021-07-14,14,0,NA,0,NA
"1576",2021-07-14,15,0,NA,0,NA
"1577",2021-07-14,16,0,NA,0,NA
"1578",2021-07-14,17,0,NA,0,NA
"1579",2021-07-14,18,0,NA,0,NA
"1580",2021-07-14,19,0,NA,0,NA
"1581",2021-07-14,20,0,NA,0,NA
"1582",2021-07-14,21,0,NA,0,NA
"1583",2021-07-14,22,0,NA,0,NA
"1584",2021-07-14,23,0,NA,0,NA
"1585",2021-07-15,0,0,NA,0,NA
"1586",2021-07-15,1,0,NA,0,NA
"1587",2021-07-15,2,0,NA,0,NA
"1588",2021-07-15,3,0,NA,0,NA
"1589",2021-07-15,4,0,NA,0,NA
"1590",2021-07-15,5,0,NA,0,NA
"1591",2021-07-15,6,0,NA,0,NA
"1592",2021-07-15,7,0,NA,0,NA
"1593",2021-07-15,8,0,NA,0,NA
"1594",2021-07-15,9,0,NA,0,NA
"1595",2021-07-15,10,0,NA,0,NA
"1596",2021-07-15,11,0,NA,0,NA
"1597",2021-07-15,12,0,NA,0,NA
"1598",2021-07-15,13,0,NA,0,NA
"1599",2021-07-15,14,0,NA,0,NA
"1600",2021-07-15,15,0,NA,0,NA
"1601",2021-07-15,16,0,NA,0,NA
"1602",2021-07-15,17,0,NA,0,NA
"1603",2021-07-15,18,0,NA,0,NA
"1604",2021-07-15,19,0,NA,0,NA
"1605",2021-07-15,20,0,NA,0,NA
"1606",2021-07-15,21,0,NA,0,NA
"1607",2021-07-15,22,0,NA,0,NA
"1608",2021-07-15,23,0,NA,0,NA
"1609",2021-07-16,0,0,NA,0,NA
"1610",2021-07-16,1,0,NA,0,NA
"1611",2021-07-16,2,0,NA,0,NA
"1612",2021-07-16,3,0,NA,0,NA
"1613",2021-07-16,4,0,NA,0,NA
"1614",2021-07-16,5,0,NA,0,NA
"1615",2021-07-16,6,0,NA,0,NA
"1616",2021-07-16,7,0,NA,0,NA
"1617",2021-07-16,8,0,NA,0,NA
"1618",2021-07-16,9,0,NA,0,NA
"1619",2021-07-16,10,0,NA,0,NA
"1620",2021-07-16,11,0,NA,0,NA
"1621",2021-07-16,12,0,1,0,NA
"1622",2021-07-16,13,0,NA,0,NA
"1623",2021-07-16,14,0,NA,0,NA
"1624",2021-07-16,15,0,NA,0,NA
"1625",2021-07-16,16,0,NA,0,NA
"1626",2021-07-16,17,0,NA,0,NA
"1627",2021-07-16,18,0,NA,0,NA
"1628",2021-07-16,19,0,NA,0,NA
"1629",2021-07-16,20,0,NA,0,NA
"1630",2021-07-16,21,0,NA,0,NA
"1631",2021-07-16,22,0,1,1,NA
"1632",2021-07-16,23,1,0,0,NA
"1633",2021-07-17,0,1,1,0,"; added on review"
"1634",2021-07-17,1,0,NA,0,NA
"1635",2021-07-17,2,0,1,0,NA
"1636",2021-07-17,3,0,1,0,NA
"1637",2021-07-17,4,1,0,0,NA
"1638",2021-07-17,5,1,0,1,"sound clip; "
"1639",2021-07-17,6,0,NA,0,NA
"1640",2021-07-17,7,1,0,0,NA
"1641",2021-07-17,8,0,NA,0,NA
"1642",2021-07-17,9,0,NA,0,NA
"1643",2021-07-17,10,0,NA,0,NA
"1644",2021-07-17,11,0,NA,0,NA
"1645",2021-07-17,12,0,NA,0,NA
"1646",2021-07-17,13,0,NA,0,NA
"1647",2021-07-17,14,0,NA,0,NA
"1648",2021-07-17,15,0,NA,0,NA
"1649",2021-07-17,16,0,NA,0,NA
"1650",2021-07-17,17,0,NA,0,NA
"1651",2021-07-17,18,0,NA,0,NA
"1652",2021-07-17,19,0,NA,0,NA
"1653",2021-07-17,20,0,NA,0,NA
"1654",2021-07-17,21,0,NA,0,NA
"1655",2021-07-17,22,0,NA,0,NA
"1656",2021-07-17,23,0,NA,0,NA
"1657",2021-07-18,0,0,1,0,NA
"1658",2021-07-18,1,0,1,0,NA
"1659",2021-07-18,2,0,NA,0,NA
"1660",2021-07-18,3,0,NA,0,NA
"1661",2021-07-18,4,0,0,1,NA
"1662",2021-07-18,5,0,NA,0,NA
"1663",2021-07-18,6,0,NA,0,NA
"1664",2021-07-18,7,0,NA,0,NA
"1665",2021-07-18,8,0,NA,0,NA
"1666",2021-07-18,9,0,NA,0,NA
"1667",2021-07-18,10,0,NA,0,NA
"1668",2021-07-18,11,0,NA,0,NA
"1669",2021-07-18,12,0,NA,0,NA
"1670",2021-07-18,13,0,NA,0,NA
"1671",2021-07-18,14,0,NA,0,NA
"1672",2021-07-18,15,0,NA,0,NA
"1673",2021-07-18,16,0,NA,0,NA
"1674",2021-07-18,17,0,NA,0,NA
"1675",2021-07-18,18,0,NA,0,NA
"1676",2021-07-18,19,0,NA,0,NA
"1677",2021-07-18,20,0,NA,0,NA
"1678",2021-07-18,21,0,NA,0,NA
"1679",2021-07-18,22,0,NA,0,NA
"1680",2021-07-18,23,0,1,0,NA
"1681",2021-07-19,0,0,NA,0,NA
"1682",2021-07-19,1,0,NA,0,NA
"1683",2021-07-19,2,1,0,0,NA
"1684",2021-07-19,3,1,0,0,NA
"1685",2021-07-19,4,0,1,0,"added on review"
"1686",2021-07-19,5,1,1,0,"; added on review"
"1687",2021-07-19,6,1,1,0,"; added on review"
"1688",2021-07-19,7,0,NA,0,NA
"1689",2021-07-19,8,0,1,0,NA
"1690",2021-07-19,9,0,1,0,NA
"1691",2021-07-19,10,0,1,0,NA
"1692",2021-07-19,11,0,NA,0,NA
"1693",2021-07-19,12,0,NA,0,NA
"1694",2021-07-19,13,0,NA,0,NA
"1695",2021-07-19,14,0,NA,0,NA
"1696",2021-07-19,15,0,NA,0,NA
"1697",2021-07-19,16,0,NA,0,NA
"1698",2021-07-19,17,0,NA,0,NA
"1699",2021-07-19,18,0,NA,0,NA
"1700",2021-07-19,19,0,NA,0,NA
"1701",2021-07-19,20,0,NA,0,NA
"1702",2021-07-19,21,0,NA,0,NA
"1703",2021-07-19,22,0,NA,0,NA
"1704",2021-07-19,23,0,1,0,NA
"1705",2021-07-20,0,0,NA,0,NA
"1706",2021-07-20,1,0,NA,0,NA
"1707",2021-07-20,2,0,1,0,NA
"1708",2021-07-20,3,0,NA,0,NA
"1709",2021-07-20,4,0,1,0,NA
"1710",2021-07-20,5,0,NA,0,NA
"1711",2021-07-20,6,0,NA,0,NA
"1712",2021-07-20,7,0,NA,0,NA
"1713",2021-07-20,8,0,NA,0,NA
"1714",2021-07-20,9,0,NA,0,NA
"1715",2021-07-20,10,0,NA,0,NA
"1716",2021-07-20,11,0,NA,0,NA
"1717",2021-07-20,12,0,NA,0,NA
"1718",2021-07-20,13,0,NA,0,NA
"1719",2021-07-20,14,0,NA,0,NA
"1720",2021-07-20,15,0,NA,0,NA
"1721",2021-07-20,16,0,NA,0,NA
"1722",2021-07-20,17,0,NA,0,NA
"1723",2021-07-20,18,0,NA,0,NA
"1724",2021-07-20,19,0,NA,0,NA
"1725",2021-07-20,20,0,NA,0,NA
"1726",2021-07-20,21,0,NA,0,NA
"1727",2021-07-20,22,0,NA,0,NA
"1728",2021-07-20,23,0,NA,0,NA
"1729",2021-07-21,0,0,NA,0,NA
"1730",2021-07-21,1,0,NA,0,NA
"1731",2021-07-21,2,0,NA,0,NA
"1732",2021-07-21,3,0,NA,0,NA
"1733",2021-07-21,4,0,NA,0,NA
"1734",2021-07-21,5,0,NA,0,NA
"1735",2021-07-21,6,0,NA,0,NA
"1736",2021-07-21,7,0,NA,0,NA
"1737",2021-07-21,8,0,NA,0,NA
"1738",2021-07-21,9,0,NA,0,NA
"1739",2021-07-21,10,0,NA,0,NA
"1740",2021-07-21,11,0,NA,0,NA
"1741",2021-07-21,12,0,NA,0,NA
"1742",2021-07-21,13,0,NA,0,NA
"1743",2021-07-21,14,0,NA,0,NA
"1744",2021-07-21,15,0,NA,0,NA
"1745",2021-07-21,16,0,1,0,"no sound clip due to ambient noise"
"1746",2021-07-21,17,0,1,0,NA
"1747",2021-07-21,18,0,NA,0,NA
"1748",2021-07-21,19,0,NA,0,NA
"1749",2021-07-21,20,0,NA,0,NA
"1750",2021-07-21,21,0,1,0,"no sound clip due to ambient noise"
"1751",2021-07-21,22,0,1,0,NA
"1752",2021-07-21,23,1,0,0,NA
"1753",2021-07-22,0,0,2,0,NA
"1754",2021-07-22,1,0,1,0,NA
"1755",2021-07-22,2,0,NA,0,NA
"1756",2021-07-22,3,0,1,0,NA
"1757",2021-07-22,4,0,NA,0,NA
"1758",2021-07-22,5,0,3,0,"; added on review; added on review"
"1759",2021-07-22,6,1,1,0,NA
"1760",2021-07-22,7,0,NA,0,NA
"1761",2021-07-22,8,0,1,0,NA
"1762",2021-07-22,9,0,NA,0,NA
"1763",2021-07-22,10,1,0,0,NA
"1764",2021-07-22,11,0,1,0,NA
"1765",2021-07-22,12,0,NA,0,NA
"1766",2021-07-22,13,0,1,0,NA
"1767",2021-07-22,14,0,NA,0,NA
"1768",2021-07-22,15,0,NA,0,NA
"1769",2021-07-22,16,0,NA,0,NA
"1770",2021-07-22,17,0,1,0,NA
"1771",2021-07-22,18,0,1,0,NA
"1772",2021-07-22,19,0,NA,0,NA
"1773",2021-07-22,20,0,NA,0,NA
"1774",2021-07-22,21,0,NA,0,NA
"1775",2021-07-22,22,0,1,0,NA
"1776",2021-07-22,23,0,1,0,NA
"1777",2021-07-23,0,0,1,0,"added on review"
"1778",2021-07-23,1,0,NA,0,NA
"1779",2021-07-23,2,0,1,0,NA
"1780",2021-07-23,3,0,NA,0,NA
"1781",2021-07-23,4,0,NA,0,NA
"1782",2021-07-23,5,0,NA,0,NA
"1783",2021-07-23,6,0,NA,0,NA
"1784",2021-07-23,7,0,NA,0,NA
"1785",2021-07-23,8,0,NA,0,NA
"1786",2021-07-23,9,0,NA,0,NA
"1787",2021-07-23,10,0,1,0,NA
"1788",2021-07-23,11,0,NA,0,NA
"1789",2021-07-23,12,0,NA,0,NA
"1790",2021-07-23,13,0,NA,0,NA
"1791",2021-07-23,14,0,NA,0,NA
"1792",2021-07-23,15,0,NA,0,NA
"1793",2021-07-23,16,0,NA,0,NA
"1794",2021-07-23,17,0,NA,0,NA
"1795",2021-07-23,18,0,NA,0,NA
"1796",2021-07-23,19,0,NA,0,NA
"1797",2021-07-23,20,0,NA,0,NA
"1798",2021-07-23,21,0,NA,0,NA
"1799",2021-07-23,22,0,NA,0,NA
"1800",2021-07-23,23,0,NA,0,NA
"1801",2021-07-24,0,0,NA,0,NA
"1802",2021-07-24,1,0,NA,0,NA
"1803",2021-07-24,2,0,NA,0,NA
"1804",2021-07-24,3,0,1,0,NA
"1805",2021-07-24,4,0,NA,0,NA
"1806",2021-07-24,5,0,NA,0,NA
"1807",2021-07-24,6,0,NA,0,NA
"1808",2021-07-24,7,0,NA,0,NA
"1809",2021-07-24,8,0,NA,0,NA
"1810",2021-07-24,9,0,NA,0,NA
"1811",2021-07-24,10,0,NA,0,NA
"1812",2021-07-24,11,0,NA,0,NA
"1813",2021-07-24,12,0,1,0,"no sound clip due to ambient noise"
"1814",2021-07-24,13,0,NA,0,NA
"1815",2021-07-24,14,0,NA,0,NA
"1816",2021-07-24,15,0,NA,0,NA
"1817",2021-07-24,16,0,NA,0,NA
"1818",2021-07-24,17,0,NA,0,NA
"1819",2021-07-24,18,0,NA,0,NA
"1820",2021-07-24,19,0,NA,0,NA
"1821",2021-07-24,20,0,NA,0,NA
"1822",2021-07-24,21,0,NA,0,NA
"1823",2021-07-24,22,0,NA,0,NA
"1824",2021-07-24,23,0,1,0,NA
"1825",2021-07-25,0,0,NA,0,NA
"1826",2021-07-25,1,0,NA,0,NA
"1827",2021-07-25,2,0,NA,0,NA
"1828",2021-07-25,3,0,NA,0,NA
"1829",2021-07-25,4,0,NA,0,NA
"1830",2021-07-25,5,0,NA,0,NA
"1831",2021-07-25,6,0,NA,0,NA
"1832",2021-07-25,7,0,NA,0,NA
"1833",2021-07-25,8,0,NA,0,NA
"1834",2021-07-25,9,0,NA,0,NA
"1835",2021-07-25,10,0,NA,0,NA
"1836",2021-07-25,11,0,NA,0,NA
"1837",2021-07-25,12,0,NA,0,NA
"1838",2021-07-25,13,0,NA,0,NA
"1839",2021-07-25,14,0,NA,0,NA
"1840",2021-07-25,15,0,NA,0,NA
"1841",2021-07-25,16,0,NA,0,NA
"1842",2021-07-25,17,0,NA,0,NA
"1843",2021-07-25,18,0,NA,0,NA
"1844",2021-07-25,19,0,NA,0,NA
"1845",2021-07-25,20,0,NA,0,NA
"1846",2021-07-25,21,0,NA,0,NA
"1847",2021-07-25,22,0,NA,0,NA
"1848",2021-07-25,23,0,NA,0,NA
